Wilayah,Kecamatan,Kelurahan,RW
Jakarta Pusat,JOHAR BARU,GALUR,RW 05
Jakarta Pusat,JOHAR BARU,GALUR,RW 07
Jakarta Pusat,KEMAYORAN,CEMPAKA BARU,RW 03
Jakarta Pusat,KEMAYORAN,CEMPAKA BARU,RW 04
Jakarta Pusat,KEMAYORAN,CEMPAKA BARU,RW 05
Jakarta Pusat,KEMAYORAN,CEMPAKA BARU,RW 07
Jakarta Pusat,KEMAYORAN,CEMPAKA BARU,RW 08
Jakarta Pusat,KEMAYORAN,CEMPAKA BARU,RW 09
Jakarta Pusat,KEMAYORAN,GUNUNG SAHARI SELATAN,RW 01
Jakarta Pusat,KEMAYORAN,GUNUNG SAHARI SELATAN,RW 02
Jakarta Pusat,KEMAYORAN,GUNUNG SAHARI SELATAN,RW 07
Jakarta Pusat,KEMAYORAN,GUNUNG SAHARI SELATAN,RW 08
Jakarta Pusat,KEMAYORAN,HARAPAN MULYA,RW 07
Jakarta Pusat,KEMAYORAN,HARAPAN MULYA,RW 08
Jakarta Pusat,KEMAYORAN,KEBON KOSONG,RW 02
Jakarta Pusat,KEMAYORAN,KEBON KOSONG,RW 03
Jakarta Pusat,KEMAYORAN,KEBON KOSONG,RW 04
Jakarta Pusat,KEMAYORAN,KEBON KOSONG,RW 05
Jakarta Pusat,KEMAYORAN,SERDANG,RW 01
Jakarta Pusat,KEMAYORAN,SERDANG,RW 02
Jakarta Pusat,KEMAYORAN,SERDANG,RW 03
Jakarta Pusat,KEMAYORAN,SERDANG,RW 04
Jakarta Pusat,KEMAYORAN,SERDANG,RW 05
Jakarta Pusat,KEMAYORAN,SERDANG,RW 06
Jakarta Pusat,KEMAYORAN,SERDANG,RW 07
Jakarta Pusat,KEMAYORAN,SUMUR BATU,RW 05
Jakarta Pusat,KEMAYORAN,UTAN PANJANG,RW 08
Jakarta Pusat,KEMAYORAN,UTAN PANJANG,RW 09
Jakarta Pusat,TANAH ABANG,KARET TENGSIN,RW 05
Jakarta Pusat,TANAH ABANG,KARET TENGSIN,RW 07
Jakarta Pusat,TANAH ABANG,KARET TENGSIN,RW 09
Jakarta Pusat,TANAH ABANG,PETAMBURAN,RW 01
Jakarta Pusat,TANAH ABANG,PETAMBURAN,RW 02
Jakarta Pusat,TANAH ABANG,PETAMBURAN,RW 03
Jakarta Pusat,TANAH ABANG,PETAMBURAN,RW 04
Jakarta Pusat,TANAH ABANG,PETAMBURAN,RW 05
Jakarta Pusat,TANAH ABANG,PETAMBURAN,RW 08
Jakarta Pusat,TANAH ABANG,PETAMBURAN,RW 09
Jakarta Utara,CILINCING,MARUNDA,RW 02
Jakarta Utara,CILINCING,MARUNDA,RW 04
Jakarta Utara,CILINCING,MARUNDA,RW 05
Jakarta Utara,CILINCING,MARUNDA,RW 06
Jakarta Utara,CILINCING,MARUNDA,RW 07
Jakarta Utara,CILINCING,ROROTAN,RW 04
Jakarta Utara,CILINCING,ROROTAN,RW 05
Jakarta Utara,CILINCING,ROROTAN,RW 06
Jakarta Utara,CILINCING,ROROTAN,RW 07
Jakarta Utara,CILINCING,ROROTAN,RW 08
Jakarta Utara,CILINCING,ROROTAN,RW 09
Jakarta Utara,CILINCING,ROROTAN,RW 10
Jakarta Utara,CILINCING,ROROTAN,RW 12
Jakarta Utara,CILINCING,SEMPER BARAT,RW 01
Jakarta Utara,CILINCING,SEMPER BARAT,RW 02
Jakarta Utara,CILINCING,SEMPER BARAT,RW 03
Jakarta Utara,CILINCING,SEMPER BARAT,RW 04
Jakarta Utara,CILINCING,SEMPER BARAT,RW 05
Jakarta Utara,CILINCING,SEMPER BARAT,RW 06
Jakarta Utara,CILINCING,SEMPER BARAT,RW 08
Jakarta Utara,CILINCING,SEMPER BARAT,RW 09
Jakarta Utara,CILINCING,SEMPER BARAT,RW 10
Jakarta Utara,CILINCING,SEMPER BARAT,RW 11
Jakarta Utara,CILINCING,SEMPER BARAT,RW 12
Jakarta Utara,CILINCING,SEMPER BARAT,RW 14
Jakarta Utara,CILINCING,SEMPER BARAT,RW 15
Jakarta Utara,CILINCING,SEMPER BARAT,RW 16
Jakarta Utara,CILINCING,SEMPER TIMUR,RW 02
Jakarta Utara,CILINCING,SEMPER TIMUR,RW 03
Jakarta Utara,CILINCING,SEMPER TIMUR,RW 04
Jakarta Utara,CILINCING,SEMPER TIMUR,RW 05
Jakarta Utara,CILINCING,SEMPER TIMUR,RW 06
Jakarta Utara,CILINCING,SEMPER TIMUR,RW 07
Jakarta Utara,CILINCING,SEMPER TIMUR,RW 10
Jakarta Utara,CILINCING,SUKA PURA,RW 02
Jakarta Utara,CILINCING,SUKA PURA,RW 06
Jakarta Utara,CILINCING,SUKA PURA,RW 08
Jakarta Utara,CILINCING,SUKA PURA,RW 10
Jakarta Utara,KELAPA GADING,KELAPA GADING BARAT,RW 01
Jakarta Utara,KELAPA GADING,KELAPA GADING BARAT,RW 02
Jakarta Utara,KELAPA GADING,KELAPA GADING BARAT,RW 03
Jakarta Utara,KELAPA GADING,KELAPA GADING BARAT,RW 05
Jakarta Utara,KELAPA GADING,KELAPA GADING BARAT,RW 09
Jakarta Utara,KELAPA GADING,KELAPA GADING BARAT,RW 13
Jakarta Utara,KELAPA GADING,KELAPA GADING TIMUR,RW 01
Jakarta Utara,KELAPA GADING,KELAPA GADING TIMUR,RW 02
Jakarta Utara,KELAPA GADING,KELAPA GADING TIMUR,RW 03
Jakarta Utara,KELAPA GADING,KELAPA GADING TIMUR,RW 04
Jakarta Utara,KELAPA GADING,KELAPA GADING TIMUR,RW 05
Jakarta Utara,KELAPA GADING,KELAPA GADING TIMUR,RW 06
Jakarta Utara,KELAPA GADING,KELAPA GADING TIMUR,RW 07
Jakarta Utara,KELAPA GADING,KELAPA GADING TIMUR,RW 08
Jakarta Utara,KELAPA GADING,KELAPA GADING TIMUR,RW 09
Jakarta Utara,KELAPA GADING,KELAPA GADING TIMUR,RW 10
Jakarta Utara,KELAPA GADING,KELAPA GADING TIMUR,RW 11
Jakarta Utara,KELAPA GADING,KELAPA GADING TIMUR,RW 12
Jakarta Utara,KELAPA GADING,KELAPA GADING TIMUR,RW 13
Jakarta Utara,KELAPA GADING,KELAPA GADING TIMUR,RW 14
Jakarta Utara,KELAPA GADING,KELAPA GADING TIMUR,RW 15
Jakarta Utara,KELAPA GADING,KELAPA GADING TIMUR,RW 16
Jakarta Utara,KELAPA GADING,KELAPA GADING TIMUR,RW 17
Jakarta Utara,KELAPA GADING,KELAPA GADING TIMUR,RW 18
Jakarta Utara,KELAPA GADING,KELAPA GADING TIMUR,RW 19
Jakarta Utara,KELAPA GADING,PEGANGSAAN DUA,RW 01
Jakarta Utara,KELAPA GADING,PEGANGSAAN DUA,RW 02
Jakarta Utara,KELAPA GADING,PEGANGSAAN DUA,RW 03
Jakarta Utara,KELAPA GADING,PEGANGSAAN DUA,RW 04
Jakarta Utara,KELAPA GADING,PEGANGSAAN DUA,RW 05
Jakarta Utara,KELAPA GADING,PEGANGSAAN DUA,RW 06
Jakarta Utara,KELAPA GADING,PEGANGSAAN DUA,RW 07
Jakarta Utara,KELAPA GADING,PEGANGSAAN DUA,RW 08
Jakarta Utara,KELAPA GADING,PEGANGSAAN DUA,RW 10
Jakarta Utara,KELAPA GADING,PEGANGSAAN DUA,RW 11
Jakarta Utara,KELAPA GADING,PEGANGSAAN DUA,RW 12
Jakarta Utara,KELAPA GADING,PEGANGSAAN DUA,RW 13
Jakarta Utara,KELAPA GADING,PEGANGSAAN DUA,RW 14
Jakarta Utara,KELAPA GADING,PEGANGSAAN DUA,RW 15
Jakarta Utara,KELAPA GADING,PEGANGSAAN DUA,RW 16
Jakarta Utara,KELAPA GADING,PEGANGSAAN DUA,RW 17
Jakarta Utara,KELAPA GADING,PEGANGSAAN DUA,RW 18
Jakarta Utara,KELAPA GADING,PEGANGSAAN DUA,RW 24
Jakarta Utara,KOJA,RAWABADAK SELATAN,RW 01
Jakarta Utara,KOJA,RAWABADAK SELATAN,RW 02
Jakarta Utara,KOJA,RAWABADAK SELATAN,RW 04
Jakarta Utara,KOJA,RAWABADAK UTARA,RW 01
Jakarta Utara,KOJA,RAWABADAK UTARA,RW 04
Jakarta Utara,KOJA,TUGU SELATAN,RW 01
Jakarta Utara,KOJA,TUGU SELATAN,RW 02
Jakarta Utara,KOJA,TUGU SELATAN,RW 03
Jakarta Utara,KOJA,TUGU SELATAN,RW 04
Jakarta Utara,KOJA,TUGU SELATAN,RW 05
Jakarta Utara,KOJA,TUGU SELATAN,RW 06
Jakarta Utara,KOJA,TUGU UTARA,RW 02
Jakarta Utara,KOJA,TUGU UTARA,RW 03
Jakarta Utara,KOJA,TUGU UTARA,RW 04
Jakarta Utara,KOJA,TUGU UTARA,RW 08
Jakarta Utara,KOJA,TUGU UTARA,RW 10
Jakarta Utara,KOJA,TUGU UTARA,RW 13
Jakarta Utara,PADEMANGAN,ANCOL,RW 01
Jakarta Utara,PADEMANGAN,ANCOL,RW 05
Jakarta Utara,PADEMANGAN,PADEMANGAN BARAT,RW 01
Jakarta Utara,PADEMANGAN,PADEMANGAN BARAT,RW 013
Jakarta Utara,PADEMANGAN,PADEMANGAN BARAT,RW 02
Jakarta Utara,PADEMANGAN,PADEMANGAN BARAT,RW 03
Jakarta Utara,PADEMANGAN,PADEMANGAN BARAT,RW 05
Jakarta Utara,PADEMANGAN,PADEMANGAN BARAT,RW 07
Jakarta Utara,PADEMANGAN,PADEMANGAN BARAT,RW 09
Jakarta Utara,PADEMANGAN,PADEMANGAN BARAT,RW 10
Jakarta Utara,PADEMANGAN,PADEMANGAN BARAT,RW 12
Jakarta Utara,PADEMANGAN,PADEMANGAN BARAT,RW 14
Jakarta Utara,PENJARINGAN,KAMAL MUARA,RW 01
Jakarta Utara,PENJARINGAN,KAMAL MUARA,RW 02
Jakarta Utara,PENJARINGAN,KAMAL MUARA,RW 03
Jakarta Utara,PENJARINGAN,KAPUK MUARA,RW 01
Jakarta Utara,PENJARINGAN,KAPUK MUARA,RW 02
Jakarta Utara,PENJARINGAN,KAPUK MUARA,RW 03
Jakarta Utara,PENJARINGAN,KAPUK MUARA,RW 04
Jakarta Utara,PENJARINGAN,KAPUK MUARA,RW 05
Jakarta Utara,PENJARINGAN,PEJAGALAN,RW 06
Jakarta Utara,PENJARINGAN,PEJAGALAN,RW 07
Jakarta Utara,PENJARINGAN,PEJAGALAN,RW 08
Jakarta Utara,PENJARINGAN,PEJAGALAN,RW 09
Jakarta Utara,PENJARINGAN,PEJAGALAN,RW 10
Jakarta Utara,PENJARINGAN,PEJAGALAN,RW 11
Jakarta Utara,PENJARINGAN,PEJAGALAN,RW 12
Jakarta Utara,PENJARINGAN,PEJAGALAN,RW 13
Jakarta Utara,PENJARINGAN,PEJAGALAN,RW 14
Jakarta Utara,PENJARINGAN,PEJAGALAN,RW 15
Jakarta Utara,PENJARINGAN,PEJAGALAN,RW 16
Jakarta Utara,PENJARINGAN,PENJARINGAN,RW 13
Jakarta Utara,PENJARINGAN,PENJARINGAN,RW 17
Jakarta Utara,PENJARINGAN,PENJARINGAN,RW 3
Jakarta Utara,PENJARINGAN,PENJARINGAN,RW 7
Jakarta Utara,PENJARINGAN,PLUIT,RW 02
Jakarta Utara,PENJARINGAN,PLUIT,RW 05
Jakarta Utara,TANJUNG PRIOK,KEBON BAWANG,RW 01
Jakarta Utara,TANJUNG PRIOK,KEBON BAWANG,RW 02
Jakarta Utara,TANJUNG PRIOK,KEBON BAWANG,RW 03
Jakarta Utara,TANJUNG PRIOK,KEBON BAWANG,RW 04
Jakarta Utara,TANJUNG PRIOK,KEBON BAWANG,RW 05
Jakarta Utara,TANJUNG PRIOK,KEBON BAWANG,RW 06
Jakarta Utara,TANJUNG PRIOK,KEBON BAWANG,RW 07
Jakarta Utara,TANJUNG PRIOK,KEBON BAWANG,RW 08
Jakarta Utara,TANJUNG PRIOK,KEBON BAWANG,RW 09
Jakarta Utara,TANJUNG PRIOK,KEBON BAWANG,RW 10
Jakarta Utara,TANJUNG PRIOK,KEBON BAWANG,RW 11
Jakarta Utara,TANJUNG PRIOK,KEBON BAWANG,RW 12
Jakarta Utara,TANJUNG PRIOK,KEBON BAWANG,RW 13
Jakarta Utara,TANJUNG PRIOK,KEBON BAWANG,RW 14
Jakarta Utara,TANJUNG PRIOK,KEBON BAWANG,RW 15
Jakarta Utara,TANJUNG PRIOK,KEBON BAWANG,RW 16
Jakarta Utara,TANJUNG PRIOK,PAPANGO,RW 05
Jakarta Utara,TANJUNG PRIOK,PAPANGO,RW 06
Jakarta Utara,TANJUNG PRIOK,PAPANGO,RW 07
Jakarta Utara,TANJUNG PRIOK,SUNTER AGUNG,RW 014
Jakarta Utara,TANJUNG PRIOK,SUNTER AGUNG,RW 016
Jakarta Utara,TANJUNG PRIOK,SUNTER AGUNG,RW 019
Jakarta Utara,TANJUNG PRIOK,SUNTER AGUNG,RW 03
Jakarta Utara,TANJUNG PRIOK,SUNTER AGUNG,RW 06
Jakarta Utara,TANJUNG PRIOK,SUNTER AGUNG,RW 08
Jakarta Utara,TANJUNG PRIOK,SUNTER AGUNG,RW 09
Jakarta Utara,TANJUNG PRIOK,SUNTER JAYA,RW 03
Jakarta Utara,TANJUNG PRIOK,SUNTER JAYA,RW 07
Jakarta Utara,TANJUNG PRIOK,SUNTER JAYA,RW 11
Jakarta Utara,TANJUNG PRIOK,TANJUNG PRIUK,RW 01
Jakarta Utara,TANJUNG PRIOK,TANJUNG PRIUK,RW 010
Jakarta Utara,TANJUNG PRIOK,TANJUNG PRIUK,RW 011
Jakarta Utara,TANJUNG PRIOK,TANJUNG PRIUK,RW 012
Jakarta Utara,TANJUNG PRIOK,TANJUNG PRIUK,RW 013
Jakarta Utara,TANJUNG PRIOK,TANJUNG PRIUK,RW 014
Jakarta Utara,TANJUNG PRIOK,TANJUNG PRIUK,RW 016
Jakarta Utara,TANJUNG PRIOK,TANJUNG PRIUK,RW 02
Jakarta Utara,TANJUNG PRIOK,TANJUNG PRIUK,RW 03
Jakarta Utara,TANJUNG PRIOK,TANJUNG PRIUK,RW 04
Jakarta Utara,TANJUNG PRIOK,TANJUNG PRIUK,RW 05
Jakarta Utara,TANJUNG PRIOK,TANJUNG PRIUK,RW 06
Jakarta Utara,TANJUNG PRIOK,TANJUNG PRIUK,RW 07
Jakarta Utara,TANJUNG PRIOK,TANJUNG PRIUK,RW 08
Jakarta Utara,TANJUNG PRIOK,TANJUNG PRIUK,RW 09
Jakarta Utara,TANJUNG PRIOK,TANJUNG PRIUK,RW 15
Jakarta Utara,TANJUNG PRIOK,WARAKAS,RW 01
Jakarta Utara,TANJUNG PRIOK,WARAKAS,RW 02
Jakarta Utara,TANJUNG PRIOK,WARAKAS,RW 03
Jakarta Utara,TANJUNG PRIOK,WARAKAS,RW 04
Jakarta Utara,TANJUNG PRIOK,WARAKAS,RW 05
Jakarta Utara,TANJUNG PRIOK,WARAKAS,RW 06
Jakarta Utara,TANJUNG PRIOK,WARAKAS,RW 07
Jakarta Utara,TANJUNG PRIOK,WARAKAS,RW 08
Jakarta Utara,TANJUNG PRIOK,WARAKAS,RW 09
Jakarta Utara,TANJUNG PRIOK,WARAKAS,RW 10
Jakarta Utara,TANJUNG PRIOK,WARAKAS,RW 11
Jakarta Utara,TANJUNG PRIOK,WARAKAS,RW 12
Jakarta Utara,TANJUNG PRIOK,WARAKAS,RW 13
Jakarta Utara,TANJUNG PRIOK,WARAKAS,RW 14
Jakarta Barat,CENGKARENG,CENGKARENG BARAT,RW 03
Jakarta Barat,CENGKARENG,CENGKARENG BARAT,RW 04
Jakarta Barat,CENGKARENG,CENGKARENG BARAT,RW 05
Jakarta Barat,CENGKARENG,CENGKARENG BARAT,RW 09
Jakarta Barat,CENGKARENG,CENGKARENG BARAT,RW 10
Jakarta Barat,CENGKARENG,CENGKARENG BARAT,RW 11
Jakarta Barat,CENGKARENG,CENGKARENG BARAT,RW 12
Jakarta Barat,CENGKARENG,CENGKARENG BARAT,RW 13
Jakarta Barat,CENGKARENG,CENGKARENG BARAT,RW 14
Jakarta Barat,CENGKARENG,CENGKARENG BARAT,RW 16
Jakarta Barat,CENGKARENG,CENGKARENG TIMUR,RW 01
Jakarta Barat,CENGKARENG,DURI KOSAMBI,RW 01
Jakarta Barat,CENGKARENG,DURI KOSAMBI,RW 02
Jakarta Barat,CENGKARENG,DURI KOSAMBI,RW 04
Jakarta Barat,CENGKARENG,DURI KOSAMBI,RW 05
Jakarta Barat,CENGKARENG,DURI KOSAMBI,RW 06
Jakarta Barat,CENGKARENG,DURI KOSAMBI,RW 07
Jakarta Barat,CENGKARENG,DURI KOSAMBI,RW 08
Jakarta Barat,CENGKARENG,DURI KOSAMBI,RW 14
Jakarta Barat,CENGKARENG,KAPUK,RW 01
Jakarta Barat,CENGKARENG,KAPUK,RW 02
Jakarta Barat,CENGKARENG,KAPUK,RW 03
Jakarta Barat,CENGKARENG,KAPUK,RW 04
Jakarta Barat,CENGKARENG,KAPUK,RW 05
Jakarta Barat,CENGKARENG,KAPUK,RW 06
Jakarta Barat,CENGKARENG,KAPUK,RW 07
Jakarta Barat,CENGKARENG,KAPUK,RW 08
Jakarta Barat,CENGKARENG,KAPUK,RW 09
Jakarta Barat,CENGKARENG,KAPUK,RW 10
Jakarta Barat,CENGKARENG,KAPUK,RW 11
Jakarta Barat,CENGKARENG,KAPUK,RW 12
Jakarta Barat,CENGKARENG,KAPUK,RW 13
Jakarta Barat,CENGKARENG,KAPUK,RW 14
Jakarta Barat,CENGKARENG,KAPUK,RW 15
Jakarta Barat,CENGKARENG,KAPUK,RW 16
Jakarta Barat,CENGKARENG,KEDAUNG KALI ANGKE,RW 01
Jakarta Barat,CENGKARENG,KEDAUNG KALI ANGKE,RW 02
Jakarta Barat,CENGKARENG,KEDAUNG KALI ANGKE,RW 03
Jakarta Barat,CENGKARENG,KEDAUNG KALI ANGKE,RW 04
Jakarta Barat,CENGKARENG,KEDAUNG KALI ANGKE,RW 05
Jakarta Barat,CENGKARENG,KEDAUNG KALI ANGKE,RW 06
Jakarta Barat,CENGKARENG,KEDAUNG KALI ANGKE,RW 07
Jakarta Barat,CENGKARENG,KEDAUNG KALI ANGKE,RW 08
Jakarta Barat,CENGKARENG,RAWA BUAYA,RW 01
Jakarta Barat,CENGKARENG,RAWA BUAYA,RW 02
Jakarta Barat,CENGKARENG,RAWA BUAYA,RW 03
Jakarta Barat,CENGKARENG,RAWA BUAYA,RW 04
Jakarta Barat,CENGKARENG,RAWA BUAYA,RW 05
Jakarta Barat,CENGKARENG,RAWA BUAYA,RW 06
Jakarta Barat,CENGKARENG,RAWA BUAYA,RW 07
Jakarta Barat,CENGKARENG,RAWA BUAYA,RW 08
Jakarta Barat,CENGKARENG,RAWA BUAYA,RW 09
Jakarta Barat,CENGKARENG,RAWA BUAYA,RW 10
Jakarta Barat,CENGKARENG,RAWA BUAYA,RW 11
Jakarta Barat,CENGKARENG,RAWA BUAYA,RW 12
Jakarta Barat,GROGOL PETAMBURAN,GROGOL,RW 01
Jakarta Barat,GROGOL PETAMBURAN,GROGOL,RW 02
Jakarta Barat,GROGOL PETAMBURAN,GROGOL,RW 03
Jakarta Barat,GROGOL PETAMBURAN,GROGOL,RW 04
Jakarta Barat,GROGOL PETAMBURAN,GROGOL,RW 05
Jakarta Barat,GROGOL PETAMBURAN,GROGOL,RW 06
Jakarta Barat,GROGOL PETAMBURAN,JELAMBAR,RW 04
Jakarta Barat,GROGOL PETAMBURAN,JELAMBAR,RW 08
Jakarta Barat,GROGOL PETAMBURAN,JELAMBAR BARU,RW 01
Jakarta Barat,GROGOL PETAMBURAN,JELAMBAR BARU,RW 02
Jakarta Barat,GROGOL PETAMBURAN,JELAMBAR BARU,RW 03
Jakarta Barat,GROGOL PETAMBURAN,JELAMBAR BARU,RW 04
Jakarta Barat,GROGOL PETAMBURAN,JELAMBAR BARU,RW 05
Jakarta Barat,GROGOL PETAMBURAN,JELAMBAR BARU,RW 06
Jakarta Barat,GROGOL PETAMBURAN,JELAMBAR BARU,RW 07
Jakarta Barat,GROGOL PETAMBURAN,JELAMBAR BARU,RW 08
Jakarta Barat,GROGOL PETAMBURAN,JELAMBAR BARU,RW 09
Jakarta Barat,GROGOL PETAMBURAN,JELAMBAR BARU,RW 10
Jakarta Barat,GROGOL PETAMBURAN,JELAMBAR BARU,RW 11
Jakarta Barat,GROGOL PETAMBURAN,JELAMBAR BARU,RW 12
Jakarta Barat,GROGOL PETAMBURAN,TANJUNG DUREN SELATAN,RW 06
Jakarta Barat,GROGOL PETAMBURAN,TANJUNG DUREN SELATAN,RW 07
Jakarta Barat,GROGOL PETAMBURAN,TANJUNG DUREN UTARA,RW 01
Jakarta Barat,GROGOL PETAMBURAN,TANJUNG DUREN UTARA,RW 07
Jakarta Barat,GROGOL PETAMBURAN,TOMANG,RW 11
Jakarta Barat,GROGOL PETAMBURAN,TOMANG,RW 12
Jakarta Barat,GROGOL PETAMBURAN,TOMANG,RW 13
Jakarta Barat,GROGOL PETAMBURAN,TOMANG,RW 14
Jakarta Selatan,CILANDAK,CILANDAK BARAT,RW 01
Jakarta Selatan,CILANDAK,PONDOK LABU,RW 03
Jakarta Selatan,JAGAKARSA,JAGAKARSA,RW 01
Jakarta Selatan,JAGAKARSA,LENTENG AGUNG,RW 01
Jakarta Selatan,JAGAKARSA,LENTENG AGUNG,RW 03
Jakarta Selatan,JAGAKARSA,LENTENG AGUNG,RW 04
Jakarta Selatan,JAGAKARSA,LENTENG AGUNG,RW 05
Jakarta Selatan,JAGAKARSA,LENTENG AGUNG,RW 06
Jakarta Selatan,JAGAKARSA,LENTENG AGUNG,RW 08
Jakarta Selatan,JAGAKARSA,SRENGSENG SAWAH,RW 02
Jakarta Selatan,JAGAKARSA,SRENGSENG SAWAH,RW 05
Jakarta Selatan,JAGAKARSA,SRENGSENG SAWAH,RW 08
Jakarta Selatan,JAGAKARSA,TANJUNG BARAT,RW 03
Jakarta Selatan,JAGAKARSA,TANJUNG BARAT,RW 05
Jakarta Selatan,KEBAYORAN BARU,CIPETE UTARA,RW 06
Jakarta Selatan,KEBAYORAN BARU,PETOGOGAN,RW 01
Jakarta Selatan,KEBAYORAN BARU,PETOGOGAN,RW 02
Jakarta Selatan,KEBAYORAN BARU,PETOGOGAN,RW 03
Jakarta Selatan,KEBAYORAN LAMA,CIPULIR,RW 10
Jakarta Selatan,KEBAYORAN LAMA,KEBAYORAN LAMA UTARA,RW 11
Jakarta Selatan,KEBAYORAN LAMA,PONDOK PINANG,RW 05
Jakarta Selatan,KEBAYORAN LAMA,PONDOK PINANG,RW 08
Jakarta Selatan,MAMPANG PRAPATAN,BANGKA,RW 02
Jakarta Selatan,MAMPANG PRAPATAN,BANGKA,RW 03
Jakarta Selatan,MAMPANG PRAPATAN,BANGKA,RW 04
Jakarta Selatan,MAMPANG PRAPATAN,MAMPANG PRAPATAN,RW 02
Jakarta Selatan,MAMPANG PRAPATAN,MAMPANG PRAPATAN,RW 06
Jakarta Selatan,MAMPANG PRAPATAN,PELA MAMPANG,RW 02
Jakarta Selatan,MAMPANG PRAPATAN,PELA MAMPANG,RW 07
Jakarta Selatan,PANCORAN,CIKOKO,RW 01
Jakarta Selatan,PANCORAN,DUREN TIGA,RW 05
Jakarta Selatan,PANCORAN,KALIBATA,RW 05
Jakarta Selatan,PANCORAN,KALIBATA,RW 09
Jakarta Selatan,PANCORAN,PANCORAN,RW 01
Jakarta Selatan,PANCORAN,PANCORAN,RW 03
Jakarta Selatan,PANCORAN,PANCORAN,RW 06
Jakarta Selatan,PANCORAN,PENGADEGAN,RW 01
Jakarta Selatan,PANCORAN,PENGADEGAN,RW 02
Jakarta Selatan,PANCORAN,RAWA JATI,RW 01
Jakarta Selatan,PANCORAN,RAWA JATI,RW 03
Jakarta Selatan,PANCORAN,RAWA JATI,RW 06
Jakarta Selatan,PANCORAN,RAWA JATI,RW 07
Jakarta Selatan,PASAR MINGGU,JATI PADANG,RW 06
Jakarta Selatan,PASAR MINGGU,KEBAGUSAN,RW 01
Jakarta Selatan,PASAR MINGGU,KEBAGUSAN,RW 02
Jakarta Selatan,PASAR MINGGU,KEBAGUSAN,RW 03
Jakarta Selatan,PASAR MINGGU,KEBAGUSAN,RW 04
Jakarta Selatan,PASAR MINGGU,KEBAGUSAN,RW 06
Jakarta Selatan,PASAR MINGGU,KEBAGUSAN,RW 07
Jakarta Selatan,PASAR MINGGU,KEBAGUSAN,RW 08
Jakarta Selatan,PASAR MINGGU,PEJATEN TIMUR,RW 03
Jakarta Selatan,PASAR MINGGU,PEJATEN TIMUR,RW 05
Jakarta Selatan,PASAR MINGGU,PEJATEN TIMUR,RW 06
Jakarta Selatan,PASAR MINGGU,PEJATEN TIMUR,RW 07
Jakarta Selatan,PASAR MINGGU,PEJATEN TIMUR,RW 08
Jakarta Selatan,PASAR MINGGU,PEJATEN TIMUR,RW 09
Jakarta Selatan,PASAR MINGGU,PEJATEN TIMUR,RW 10
Jakarta Selatan,PASAR MINGGU,PEJATEN TIMUR,RW 11
Jakarta Selatan,PESANGGRAHAN,BINTARO,RW 04
Jakarta Selatan,PESANGGRAHAN,PETUKANGAN SELATAN,RW 01
Jakarta Selatan,PESANGGRAHAN,PETUKANGAN SELATAN,RW 02
Jakarta Selatan,PESANGGRAHAN,PETUKANGAN SELATAN,RW 03
Jakarta Selatan,PESANGGRAHAN,PETUKANGAN SELATAN,RW 05
Jakarta Selatan,PESANGGRAHAN,PETUKANGAN SELATAN,RW 06
Jakarta Selatan,PESANGGRAHAN,ULUJAMI,RW 01
Jakarta Selatan,PESANGGRAHAN,ULUJAMI,RW 02
Jakarta Selatan,PESANGGRAHAN,ULUJAMI,RW 03
Jakarta Selatan,PESANGGRAHAN,ULUJAMI,RW 05
Jakarta Selatan,PESANGGRAHAN,ULUJAMI,RW 07
Jakarta Selatan,SETIA BUDI,KARET SEMANGGI,RW 04
Jakarta Selatan,TEBET,BUKIT DURI,RW 09
Jakarta Selatan,TEBET,BUKIT DURI,RW 10
Jakarta Selatan,TEBET,BUKIT DURI,RW 11
Jakarta Selatan,TEBET,BUKIT DURI,RW 12
Jakarta Selatan,TEBET,KEBON BARU,RW 01
Jakarta Selatan,TEBET,KEBON BARU,RW 02
Jakarta Selatan,TEBET,KEBON BARU,RW 04
Jakarta Selatan,TEBET,KEBON BARU,RW 08
Jakarta Selatan,TEBET,KEBON BARU,RW 09
Jakarta Selatan,TEBET,KEBON BARU,RW 10
Jakarta Selatan,TEBET,MANGGARAI,RW 01
Jakarta Selatan,TEBET,MANGGARAI,RW 04
Jakarta Selatan,TEBET,MANGGARAI,RW 10
Jakarta Timur,CAKUNG,CAKUNG BARAT,RW 01
Jakarta Timur,CAKUNG,CAKUNG BARAT,RW 03
Jakarta Timur,CAKUNG,CAKUNG BARAT,RW 05
Jakarta Timur,CAKUNG,CAKUNG BARAT,RW 06
Jakarta Timur,CAKUNG,CAKUNG BARAT,RW 07
Jakarta Timur,CAKUNG,CAKUNG BARAT,RW 08
Jakarta Timur,CAKUNG,CAKUNG BARAT,RW 10
Jakarta Timur,CAKUNG,CAKUNG TIMUR,RW 02
Jakarta Timur,CAKUNG,CAKUNG TIMUR,RW 05
Jakarta Timur,CAKUNG,CAKUNG TIMUR,RW 06
Jakarta Timur,CAKUNG,CAKUNG TIMUR,RW 07
Jakarta Timur,CAKUNG,CAKUNG TIMUR,RW 08
Jakarta Timur,CAKUNG,CAKUNG TIMUR,RW 09
Jakarta Timur,CAKUNG,CAKUNG TIMUR,RW 10
Jakarta Timur,CAKUNG,CAKUNG TIMUR,RW 12
Jakarta Timur,CAKUNG,JATINEGARA,RW 10
Jakarta Timur,CAKUNG,PENGGILINGAN,RW 05
Jakarta Timur,CAKUNG,PENGGILINGAN,RW 08
Jakarta Timur,CAKUNG,PENGGILINGAN,RW 09
Jakarta Timur,CAKUNG,PENGGILINGAN,RW 15
Jakarta Timur,CAKUNG,PULO GEBANG,RW 01
Jakarta Timur,CAKUNG,PULO GEBANG,RW 02
Jakarta Timur,CAKUNG,PULO GEBANG,RW 03
Jakarta Timur,CAKUNG,PULO GEBANG,RW 06
Jakarta Timur,CAKUNG,PULO GEBANG,RW 07
Jakarta Timur,CAKUNG,PULO GEBANG,RW 08
Jakarta Timur,CAKUNG,PULO GEBANG,RW 10
Jakarta Timur,CAKUNG,PULO GEBANG,RW 11
Jakarta Timur,CAKUNG,RAWA TERATE,RW 04
Jakarta Timur,CAKUNG,RAWA TERATE,RW 05
Jakarta Timur,CAKUNG,RAWA TERATE,RW 06
Jakarta Timur,CIPAYUNG,BAMBU APUS,RW 01
Jakarta Timur,CIPAYUNG,BAMBU APUS,RW 02
Jakarta Timur,CIPAYUNG,BAMBU APUS,RW 03
Jakarta Timur,CIPAYUNG,CILANGKAP,RW 02
Jakarta Timur,CIPAYUNG,CILANGKAP,RW 03
Jakarta Timur,CIPAYUNG,CILANGKAP,RW 04
Jakarta Timur,CIPAYUNG,LUBANG BUAYA,RW 03
Jakarta Timur,CIPAYUNG,LUBANG BUAYA,RW 10
Jakarta Timur,CIPAYUNG,LUBANG BUAYA,RW 12
Jakarta Timur,CIPAYUNG,PONDOK RANGGON,RW 01
Jakarta Timur,CIPAYUNG,PONDOK RANGGON,RW 04
Jakarta Timur,CIPAYUNG,SETU,RW 03
Jakarta Timur,CIPAYUNG,SETU,RW 04
Jakarta Timur,CIPAYUNG,SETU,RW 05
Jakarta Timur,CIPAYUNG,SETU,RW 06
Jakarta Timur,CIRACAS,CIBUBUR,RW 01
Jakarta Timur,CIRACAS,CIBUBUR,RW 02
Jakarta Timur,CIRACAS,CIBUBUR,RW 03
Jakarta Timur,CIRACAS,RAMBUTAN,RW 01
Jakarta Timur,CIRACAS,RAMBUTAN,RW 02
Jakarta Timur,CIRACAS,RAMBUTAN,RW 03
Jakarta Timur,CIRACAS,RAMBUTAN,RW 05
Jakarta Timur,CIRACAS,RAMBUTAN,RW 06
Jakarta Timur,DUREN SAWIT,PONDOK BAMBU,RW 04
Jakarta Timur,DUREN SAWIT,PONDOK KELAPA,RW 05
Jakarta Timur,JATINEGARA,BIDARA CINA,RW 01
Jakarta Timur,JATINEGARA,BIDARA CINA,RW 02
Jakarta Timur,JATINEGARA,BIDARA CINA,RW 03
Jakarta Timur,JATINEGARA,BIDARA CINA,RW 04
Jakarta Timur,JATINEGARA,BIDARA CINA,RW 05
Jakarta Timur,JATINEGARA,BIDARA CINA,RW 06
Jakarta Timur,JATINEGARA,BIDARA CINA,RW 07
Jakarta Timur,JATINEGARA,BIDARA CINA,RW 09
Jakarta Timur,JATINEGARA,BIDARA CINA,RW 10
Jakarta Timur,JATINEGARA,BIDARA CINA,RW 11
Jakarta Timur,JATINEGARA,BIDARA CINA,RW 12
Jakarta Timur,JATINEGARA,BIDARA CINA,RW 13
Jakarta Timur,JATINEGARA,BIDARA CINA,RW 14
Jakarta Timur,JATINEGARA,BIDARA CINA,RW 15
Jakarta Timur,JATINEGARA,BIDARA CINA,RW 16
Jakarta Timur,JATINEGARA,CIPINANG BESAR SELATAN,RW 01
Jakarta Timur,JATINEGARA,CIPINANG BESAR SELATAN,RW 02
Jakarta Timur,JATINEGARA,CIPINANG MUARA,RW 05
Jakarta Timur,JATINEGARA,CIPINANG MUARA,RW 06
Jakarta Timur,JATINEGARA,CIPINANG MUARA,RW 07
Jakarta Timur,JATINEGARA,CIPINANG MUARA,RW 08
Jakarta Timur,JATINEGARA,CIPINANG MUARA,RW 13
Jakarta Timur,JATINEGARA,CIPINANG MUARA,RW 15
Jakarta Timur,JATINEGARA,CIPINANG MUARA,RW 16
Jakarta Timur,JATINEGARA,KAMPUNG MELAYU,RW 01
Jakarta Timur,JATINEGARA,KAMPUNG MELAYU,RW 02
Jakarta Timur,JATINEGARA,KAMPUNG MELAYU,RW 03
Jakarta Timur,JATINEGARA,KAMPUNG MELAYU,RW 04
Jakarta Timur,JATINEGARA,KAMPUNG MELAYU,RW 05
Jakarta Timur,JATINEGARA,KAMPUNG MELAYU,RW 06
Jakarta Timur,JATINEGARA,KAMPUNG MELAYU,RW 07
Jakarta Timur,JATINEGARA,KAMPUNG MELAYU,RW 08
Jakarta Timur,KRAMAT JATI,BALE KAMBANG,RW 01
Jakarta Timur,KRAMAT JATI,BALE KAMBANG,RW 02
Jakarta Timur,KRAMAT JATI,BALE KAMBANG,RW 03
Jakarta Timur,KRAMAT JATI,BALE KAMBANG,RW 04
Jakarta Timur,KRAMAT JATI,BALE KAMBANG,RW 05
Jakarta Timur,KRAMAT JATI,CAWANG,RW 01
Jakarta Timur,KRAMAT JATI,CAWANG,RW 02
Jakarta Timur,KRAMAT JATI,CAWANG,RW 03
Jakarta Timur,KRAMAT JATI,CAWANG,RW 04
Jakarta Timur,KRAMAT JATI,CAWANG,RW 05
Jakarta Timur,KRAMAT JATI,CAWANG,RW 08
Jakarta Timur,KRAMAT JATI,CAWANG,RW 12
Jakarta Timur,KRAMAT JATI,CILILITAN,RW 05
Jakarta Timur,KRAMAT JATI,CILILITAN,RW 06
Jakarta Timur,KRAMAT JATI,CILILITAN,RW 07
Jakarta Timur,KRAMAT JATI,CILILITAN,RW 08
Jakarta Timur,KRAMAT JATI,CILILITAN,RW 15
Jakarta Timur,KRAMAT JATI,CILILITAN,RW 16
Jakarta Timur,KRAMAT JATI,DUKUH,RW 02
Jakarta Timur,KRAMAT JATI,DUKUH,RW 03
Jakarta Timur,KRAMAT JATI,DUKUH,RW 04
Jakarta Timur,KRAMAT JATI,DUKUH,RW 05
Jakarta Timur,KRAMAT JATI,DUKUH,RW 06
Jakarta Timur,KRAMAT JATI,KRAMAT JATI,RW 11
Jakarta Timur,MAKASAR,CIPINANG MELAYU,RW 02
Jakarta Timur,MAKASAR,CIPINANG MELAYU,RW 03
Jakarta Timur,MAKASAR,CIPINANG MELAYU,RW 04
Jakarta Timur,MAKASAR,CIPINANG MELAYU,RW 05
Jakarta Timur,MAKASAR,CIPINANG MELAYU,RW 09
Jakarta Timur,MAKASAR,CIPINANG MELAYU,RW 10
Jakarta Timur,MAKASAR,CIPINANG MELAYU,RW 11
Jakarta Timur,MAKASAR,CIPINANG MELAYU,RW 12
Jakarta Timur,MAKASAR,HALIM PERDANA KUSUMA,RW 05
Jakarta Timur,MAKASAR,HALIM PERDANA KUSUMA,RW 07
Jakarta Timur,MAKASAR,HALIM PERDANA KUSUMA,RW 08
Jakarta Timur,MAKASAR,KEBON PALA,RW 01
Jakarta Timur,MAKASAR,KEBON PALA,RW 04
Jakarta Timur,MAKASAR,KEBON PALA,RW 06
Jakarta Timur,MAKASAR,KEBON PALA,RW 08
Jakarta Timur,MAKASAR,KEBON PALA,RW 09
Jakarta Timur,MAKASAR,KEBON PALA,RW 10
Jakarta Timur,MAKASAR,KEBON PALA,RW 11
Jakarta Timur,MAKASAR,KEBON PALA,RW 12
Jakarta Timur,MAKASAR,MAKASAR,RW 01
Jakarta Timur,MAKASAR,MAKASAR,RW 04
Jakarta Timur,MAKASAR,MAKASAR,RW 05
Jakarta Timur,MAKASAR,MAKASAR,RW 06
Jakarta Timur,MAKASAR,MAKASAR,RW 07
Jakarta Timur,MAKASAR,PINANG RANTI,RW 04
Jakarta Timur,MAKASAR,PINANG RANTI,RW 05
Jakarta Timur,MATRAMAN,KEBON MANGGIS,RW 01
Jakarta Timur,MATRAMAN,KEBON MANGGIS,RW 02
Jakarta Timur,MATRAMAN,KEBON MANGGIS,RW 03
Jakarta Timur,MATRAMAN,KEBON MANGGIS,RW 04
Jakarta Timur,PASAR REBO,BARU,RW 02
Jakarta Timur,PASAR REBO,BARU,RW 06
Jakarta Timur,PASAR REBO,BARU,RW 07
Jakarta Timur,PASAR REBO,BARU,RW 10
Jakarta Timur,PASAR REBO,GEDONG,RW 01
Jakarta Timur,PASAR REBO,GEDONG,RW 03
Jakarta Timur,PASAR REBO,GEDONG,RW 11
Jakarta Timur,PASAR REBO,KALISARI,RW 02
Jakarta Timur,PASAR REBO,KALISARI,RW 03
Jakarta Timur,PASAR REBO,KALISARI,RW 04
Jakarta Timur,PASAR REBO,KALISARI,RW 11
Jakarta Timur,PASAR REBO,PEKAYON,RW 01
Jakarta Timur,PASAR REBO,PEKAYON,RW 03
Jakarta Timur,PASAR REBO,PEKAYON,RW 04
Jakarta Timur,PASAR REBO,PEKAYON,RW 07
Jakarta Timur,PASAR REBO,PEKAYON,RW 09
Jakarta Timur,PULO GADUNG,PULO GADUNG,RW 01
Jakarta Timur,PULO GADUNG,PULO GADUNG,RW 02
Jakarta Timur,PULO GADUNG,PULO GADUNG,RW 03
Jakarta Timur,PULO GADUNG,PULO GADUNG,RW 04
Jakarta Timur,PULO GADUNG,PULO GADUNG,RW 05
Jakarta Timur,PULO GADUNG,PULO GADUNG,RW 06
Jakarta Timur,PULO GADUNG,PULO GADUNG,RW 07
Jakarta Timur,PULO GADUNG,PULO GADUNG,RW 08
Jakarta Timur,PULO GADUNG,PULO GADUNG,RW 09
Jakarta Timur,PULO GADUNG,PULO GADUNG,RW 10
