"","tahun","nama_provinsi","nama_kabupaten.kota","nama_kecamatan","nama_kelurahan","jenis_pekerjaan","jumlah"
"1",2013,"PROVINSI DKI JAKARTA","JAKARTA UTARA","PENJARINGAN","PENJARINGAN","Belum / Tidak Bekerja",17853
"2",2013,"PROVINSI DKI JAKARTA","JAKARTA UTARA","PENJARINGAN","PENJARINGAN","Mengurus Rumah Tangga",22284
"3",2013,"PROVINSI DKI JAKARTA","JAKARTA UTARA","PENJARINGAN","PENJARINGAN","Pelajar / Mahasiswa",23656
"4",2013,"PROVINSI DKI JAKARTA","JAKARTA UTARA","PENJARINGAN","PENJARINGAN","Pensiunan",238
"5",2013,"PROVINSI DKI JAKARTA","JAKARTA UTARA","PENJARINGAN","PENJARINGAN","Pegawai Negeri Sipil",165
"6",2013,"PROVINSI DKI JAKARTA","JAKARTA UTARA","PENJARINGAN","PENJARINGAN","Tentara Negara Indonesia",58
"7",2013,"PROVINSI DKI JAKARTA","JAKARTA UTARA","PENJARINGAN","PENJARINGAN","Kepolisian RI",63
"8",2013,"PROVINSI DKI JAKARTA","JAKARTA UTARA","PENJARINGAN","PENJARINGAN","Perdagangan",4
"9",2013,"PROVINSI DKI JAKARTA","JAKARTA UTARA","PENJARINGAN","PENJARINGAN","Petani / Pekebun",6
"10",2013,"PROVINSI DKI JAKARTA","JAKARTA UTARA","PENJARINGAN","PENJARINGAN","Peternak",NA
"11",2013,"PROVINSI DKI JAKARTA","JAKARTA UTARA","PENJARINGAN","PENJARINGAN","Nelayan / Perikanan",335
"12",2013,"PROVINSI DKI JAKARTA","JAKARTA UTARA","PENJARINGAN","PENJARINGAN","Industri",63
"13",2013,"PROVINSI DKI JAKARTA","JAKARTA UTARA","PENJARINGAN","PENJARINGAN","Konstruksi",53
"14",2013,"PROVINSI DKI JAKARTA","JAKARTA UTARA","PENJARINGAN","PENJARINGAN","Transportasi",6
"15",2013,"PROVINSI DKI JAKARTA","JAKARTA UTARA","PENJARINGAN","PENJARINGAN","Karyawan Swasta",27610
"16",2013,"PROVINSI DKI JAKARTA","JAKARTA UTARA","PENJARINGAN","PENJARINGAN","Karyawan BUMN",22
"17",2013,"PROVINSI DKI JAKARTA","JAKARTA UTARA","PENJARINGAN","PENJARINGAN","Karyawan BUMD",NA
"18",2013,"PROVINSI DKI JAKARTA","JAKARTA UTARA","PENJARINGAN","PENJARINGAN","Karyawan Honorer",17
"19",2013,"PROVINSI DKI JAKARTA","JAKARTA UTARA","PENJARINGAN","PENJARINGAN","Buruh Harian Lepas",4747
"20",2013,"PROVINSI DKI JAKARTA","JAKARTA UTARA","PENJARINGAN","PENJARINGAN","Buruh Tani / Perkebunan",4
"21",2013,"PROVINSI DKI JAKARTA","JAKARTA UTARA","PENJARINGAN","PENJARINGAN","Buruh Nelayan / Perikanan",3
"22",2013,"PROVINSI DKI JAKARTA","JAKARTA UTARA","PENJARINGAN","PENJARINGAN","Buruh Perternakkan",NA
"23",2013,"PROVINSI DKI JAKARTA","JAKARTA UTARA","PENJARINGAN","PENJARINGAN","Pembantu Rumah Tangga",NA
"24",2013,"PROVINSI DKI JAKARTA","JAKARTA UTARA","PENJARINGAN","PENJARINGAN","Tukang Cukur",NA
"25",2013,"PROVINSI DKI JAKARTA","JAKARTA UTARA","PENJARINGAN","PENJARINGAN","Tukang Listrik",NA
"26",2013,"PROVINSI DKI JAKARTA","JAKARTA UTARA","PENJARINGAN","PENJARINGAN","Tukang Batu",NA
"27",2013,"PROVINSI DKI JAKARTA","JAKARTA UTARA","PENJARINGAN","PENJARINGAN","Tukang Batu",NA
"28",2013,"PROVINSI DKI JAKARTA","JAKARTA UTARA","PENJARINGAN","PENJARINGAN","Tukang Kayu",NA
"29",2013,"PROVINSI DKI JAKARTA","JAKARTA UTARA","PENJARINGAN","PENJARINGAN","Tukang Sol Sepatu",NA
"30",2013,"PROVINSI DKI JAKARTA","JAKARTA UTARA","PENJARINGAN","PENJARINGAN","Tukang Las / Pandai Besi",NA
"31",2013,"PROVINSI DKI JAKARTA","JAKARTA UTARA","PENJARINGAN","PENJARINGAN","Tukang Las / Pandai Besi",NA
"32",2013,"PROVINSI DKI JAKARTA","JAKARTA UTARA","PENJARINGAN","PENJARINGAN","Tukang Jahit",1
"33",2013,"PROVINSI DKI JAKARTA","JAKARTA UTARA","PENJARINGAN","PENJARINGAN","Tukang Gigi",NA
"34",2013,"PROVINSI DKI JAKARTA","JAKARTA UTARA","PENJARINGAN","PENJARINGAN","Penata Rias",NA
"35",2013,"PROVINSI DKI JAKARTA","JAKARTA UTARA","PENJARINGAN","PENJARINGAN","Penata Busana",NA
"36",2013,"PROVINSI DKI JAKARTA","JAKARTA UTARA","PENJARINGAN","PENJARINGAN","Penata Rambut",NA
"37",2013,"PROVINSI DKI JAKARTA","JAKARTA UTARA","PENJARINGAN","PENJARINGAN","Mekanik",5
"38",2013,"PROVINSI DKI JAKARTA","JAKARTA UTARA","PENJARINGAN","PENJARINGAN","Seniman",9
"39",2013,"PROVINSI DKI JAKARTA","JAKARTA UTARA","PENJARINGAN","PENJARINGAN","Tabib",NA
"40",2013,"PROVINSI DKI JAKARTA","JAKARTA UTARA","PENJARINGAN","PENJARINGAN","Paraji",NA
"41",2013,"PROVINSI DKI JAKARTA","JAKARTA UTARA","PENJARINGAN","PENJARINGAN","Perancang Busana",2
"42",2013,"PROVINSI DKI JAKARTA","JAKARTA UTARA","PENJARINGAN","PENJARINGAN","Penerjermah",NA
"43",2013,"PROVINSI DKI JAKARTA","JAKARTA UTARA","PENJARINGAN","PENJARINGAN","Imam Masjid",NA
"44",2013,"PROVINSI DKI JAKARTA","JAKARTA UTARA","PENJARINGAN","PENJARINGAN","Pendeta",9
"45",2013,"PROVINSI DKI JAKARTA","JAKARTA UTARA","PENJARINGAN","PENJARINGAN","Pastor",NA
"46",2013,"PROVINSI DKI JAKARTA","JAKARTA UTARA","PENJARINGAN","PENJARINGAN","Wartawan",21
"47",2013,"PROVINSI DKI JAKARTA","JAKARTA UTARA","PENJARINGAN","PENJARINGAN","ustadz/mubaligh",6
"48",2013,"PROVINSI DKI JAKARTA","JAKARTA UTARA","PENJARINGAN","PENJARINGAN","Juru Masak",NA
"49",2013,"PROVINSI DKI JAKARTA","JAKARTA UTARA","PENJARINGAN","PENJARINGAN","Promotor Acara",NA
"50",2013,"PROVINSI DKI JAKARTA","JAKARTA UTARA","PENJARINGAN","PENJARINGAN","Anggota DPR RI",NA
"51",2013,"PROVINSI DKI JAKARTA","JAKARTA UTARA","PENJARINGAN","PENJARINGAN","Anggota DPD",NA
"52",2013,"PROVINSI DKI JAKARTA","JAKARTA UTARA","PENJARINGAN","PENJARINGAN","Anggota BPK",NA
"53",2013,"PROVINSI DKI JAKARTA","JAKARTA UTARA","PENJARINGAN","PENJARINGAN","Wakil Presiden",NA
"54",2013,"PROVINSI DKI JAKARTA","JAKARTA UTARA","PENJARINGAN","PENJARINGAN","Anggota Mahkamah Konstitusi",NA
"55",2013,"PROVINSI DKI JAKARTA","JAKARTA UTARA","PENJARINGAN","PENJARINGAN","Anggota Kabinet Menteri",NA
"56",2013,"PROVINSI DKI JAKARTA","JAKARTA UTARA","PENJARINGAN","PENJARINGAN","Duta Besar",NA
"57",2013,"PROVINSI DKI JAKARTA","JAKARTA UTARA","PENJARINGAN","PENJARINGAN","Duta Besar",NA
"58",2013,"PROVINSI DKI JAKARTA","JAKARTA UTARA","PENJARINGAN","PENJARINGAN","Gubernur",NA
"59",2013,"PROVINSI DKI JAKARTA","JAKARTA UTARA","PENJARINGAN","PENJARINGAN","Wakil Gubernur",NA
"60",2013,"PROVINSI DKI JAKARTA","JAKARTA UTARA","PENJARINGAN","PENJARINGAN","Bupati",NA
"61",2013,"PROVINSI DKI JAKARTA","JAKARTA UTARA","PENJARINGAN","PENJARINGAN","Walikota",NA
"62",2013,"PROVINSI DKI JAKARTA","JAKARTA UTARA","PENJARINGAN","PENJARINGAN","Anggota DPRD Provinsi",NA
"63",2013,"PROVINSI DKI JAKARTA","JAKARTA UTARA","PENJARINGAN","PENJARINGAN","Anggota DPRD Kabupaten Kota",NA
"64",2013,"PROVINSI DKI JAKARTA","JAKARTA UTARA","PENJARINGAN","PENJARINGAN","Dosen",18
"65",2013,"PROVINSI DKI JAKARTA","JAKARTA UTARA","PENJARINGAN","PENJARINGAN","Guru",393
"66",2013,"PROVINSI DKI JAKARTA","JAKARTA UTARA","PENJARINGAN","PENJARINGAN","Pilot",NA
"67",2013,"PROVINSI DKI JAKARTA","JAKARTA UTARA","PENJARINGAN","PENJARINGAN","Pengacara",7
"68",2013,"PROVINSI DKI JAKARTA","JAKARTA UTARA","PENJARINGAN","PENJARINGAN","Notaris",1
"69",2013,"PROVINSI DKI JAKARTA","JAKARTA UTARA","PENJARINGAN","PENJARINGAN","Arsitek",2
"70",2013,"PROVINSI DKI JAKARTA","JAKARTA UTARA","PENJARINGAN","PENJARINGAN","Akuntan",1
"71",2013,"PROVINSI DKI JAKARTA","JAKARTA UTARA","PENJARINGAN","PENJARINGAN","Konsultan",2
"72",2013,"PROVINSI DKI JAKARTA","JAKARTA UTARA","PENJARINGAN","PENJARINGAN","Dokter",38
"73",2013,"PROVINSI DKI JAKARTA","JAKARTA UTARA","PENJARINGAN","PENJARINGAN","Perawat",31
"74",2013,"PROVINSI DKI JAKARTA","JAKARTA UTARA","PENJARINGAN","PENJARINGAN","Apoteker",NA
"75",2013,"PROVINSI DKI JAKARTA","JAKARTA UTARA","PENJARINGAN","PENJARINGAN","Psikiater / Psikolog",NA
"76",2013,"PROVINSI DKI JAKARTA","JAKARTA UTARA","PENJARINGAN","PENJARINGAN","Penyiar Televisi",NA
"77",2013,"PROVINSI DKI JAKARTA","JAKARTA UTARA","PENJARINGAN","PENJARINGAN","Penyiar Radio",NA
"78",2013,"PROVINSI DKI JAKARTA","JAKARTA UTARA","PENJARINGAN","PENJARINGAN","Pelaut",407
"79",2013,"PROVINSI DKI JAKARTA","JAKARTA UTARA","PENJARINGAN","PENJARINGAN","Peneliti",NA
"80",2013,"PROVINSI DKI JAKARTA","JAKARTA UTARA","PENJARINGAN","PENJARINGAN","Sopir",520
"81",2013,"PROVINSI DKI JAKARTA","JAKARTA UTARA","PENJARINGAN","PENJARINGAN","Pialang",NA
"82",2013,"PROVINSI DKI JAKARTA","JAKARTA UTARA","PENJARINGAN","PENJARINGAN","Paranormal",2
"83",2013,"PROVINSI DKI JAKARTA","JAKARTA UTARA","PENJARINGAN","PENJARINGAN","Pedagang",1220
"84",2013,"PROVINSI DKI JAKARTA","JAKARTA UTARA","PENJARINGAN","PENJARINGAN","Perangkat Desa",NA
"85",2013,"PROVINSI DKI JAKARTA","JAKARTA UTARA","PENJARINGAN","PENJARINGAN","Kepala Desa",NA
"86",2013,"PROVINSI DKI JAKARTA","JAKARTA UTARA","PENJARINGAN","PENJARINGAN","Biarawati",1
"87",2013,"PROVINSI DKI JAKARTA","JAKARTA UTARA","PENJARINGAN","PENJARINGAN","Wiraswasta",9711
"88",2013,"PROVINSI DKI JAKARTA","JAKARTA UTARA","PENJARINGAN","PENJARINGAN","Lainnya",1249
"89",2014,"PROVINSI DKI JAKARTA","JAKARTA UTARA","PENJARINGAN","PENJARINGAN","Belum / Tidak Bekerja",19168
"90",2014,"PROVINSI DKI JAKARTA","JAKARTA UTARA","PENJARINGAN","PENJARINGAN","Mengurus Rumah Tangga",21472
"91",2014,"PROVINSI DKI JAKARTA","JAKARTA UTARA","PENJARINGAN","PENJARINGAN","Pelajar / Mahasiswa",22479
"92",2014,"PROVINSI DKI JAKARTA","JAKARTA UTARA","PENJARINGAN","PENJARINGAN","Pensiunan",224
"93",2014,"PROVINSI DKI JAKARTA","JAKARTA UTARA","PENJARINGAN","PENJARINGAN","Pegawai Negeri Sipil",145
"94",2014,"PROVINSI DKI JAKARTA","JAKARTA UTARA","PENJARINGAN","PENJARINGAN","Tentara Nasional Indonesia",56
"95",2014,"PROVINSI DKI JAKARTA","JAKARTA UTARA","PENJARINGAN","PENJARINGAN","Kepolisian RI",59
"96",2014,"PROVINSI DKI JAKARTA","JAKARTA UTARA","PENJARINGAN","PENJARINGAN","Perdagangan",3
"97",2014,"PROVINSI DKI JAKARTA","JAKARTA UTARA","PENJARINGAN","PENJARINGAN","Petani / Pekebun",6
"98",2014,"PROVINSI DKI JAKARTA","JAKARTA UTARA","PENJARINGAN","PENJARINGAN","Peternak",NA
"99",2014,"PROVINSI DKI JAKARTA","JAKARTA UTARA","PENJARINGAN","PENJARINGAN","Nelayan / Perikanan",343
"100",2014,"PROVINSI DKI JAKARTA","JAKARTA UTARA","PENJARINGAN","PENJARINGAN","Industri",46
"101",2014,"PROVINSI DKI JAKARTA","JAKARTA UTARA","PENJARINGAN","PENJARINGAN","Konstruksi",37
"102",2014,"PROVINSI DKI JAKARTA","JAKARTA UTARA","PENJARINGAN","PENJARINGAN","Transportasi",10
"103",2014,"PROVINSI DKI JAKARTA","JAKARTA UTARA","PENJARINGAN","PENJARINGAN","Karyawan Swasta",26661
"104",2014,"PROVINSI DKI JAKARTA","JAKARTA UTARA","PENJARINGAN","PENJARINGAN","Karyawan BUMN",20
"105",2014,"PROVINSI DKI JAKARTA","JAKARTA UTARA","PENJARINGAN","PENJARINGAN","Karyawan BUMD",1
"106",2014,"PROVINSI DKI JAKARTA","JAKARTA UTARA","PENJARINGAN","PENJARINGAN","Karyawan Honorer",17
"107",2014,"PROVINSI DKI JAKARTA","JAKARTA UTARA","PENJARINGAN","PENJARINGAN","Buruh Harian Lepas",4673
"108",2014,"PROVINSI DKI JAKARTA","JAKARTA UTARA","PENJARINGAN","PENJARINGAN","Buruh Tani Perkebunan",6
"109",2014,"PROVINSI DKI JAKARTA","JAKARTA UTARA","PENJARINGAN","PENJARINGAN","Buruh Nelayan Perikanan",6
"110",2014,"PROVINSI DKI JAKARTA","JAKARTA UTARA","PENJARINGAN","PENJARINGAN","Buruh Peternakan",NA
"111",2014,"PROVINSI DKI JAKARTA","JAKARTA UTARA","PENJARINGAN","PENJARINGAN","Pembantu Rumah Tangga",1
"112",2014,"PROVINSI DKI JAKARTA","JAKARTA UTARA","PENJARINGAN","PENJARINGAN","Tukang Cukur",NA
"113",2014,"PROVINSI DKI JAKARTA","JAKARTA UTARA","PENJARINGAN","PENJARINGAN","Tukang Listrik",NA
"114",2014,"PROVINSI DKI JAKARTA","JAKARTA UTARA","PENJARINGAN","PENJARINGAN","Tukang Batu",NA
"115",2014,"PROVINSI DKI JAKARTA","JAKARTA UTARA","PENJARINGAN","PENJARINGAN","Tukang Kayu",NA
"116",2014,"PROVINSI DKI JAKARTA","JAKARTA UTARA","PENJARINGAN","PENJARINGAN","Tukang Sol Sepatu",NA
"117",2014,"PROVINSI DKI JAKARTA","JAKARTA UTARA","PENJARINGAN","PENJARINGAN","Tukang Las / Pandai Besi",NA
"118",2014,"PROVINSI DKI JAKARTA","JAKARTA UTARA","PENJARINGAN","PENJARINGAN","Tukang Jahit",1
"119",2014,"PROVINSI DKI JAKARTA","JAKARTA UTARA","PENJARINGAN","PENJARINGAN","Tukang Gigi",NA
"120",2014,"PROVINSI DKI JAKARTA","JAKARTA UTARA","PENJARINGAN","PENJARINGAN","Penata Rias",NA
"121",2014,"PROVINSI DKI JAKARTA","JAKARTA UTARA","PENJARINGAN","PENJARINGAN","Penata Busana",NA
"122",2014,"PROVINSI DKI JAKARTA","JAKARTA UTARA","PENJARINGAN","PENJARINGAN","Penata Rambut",NA
"123",2014,"PROVINSI DKI JAKARTA","JAKARTA UTARA","PENJARINGAN","PENJARINGAN","Mekanik",5
"124",2014,"PROVINSI DKI JAKARTA","JAKARTA UTARA","PENJARINGAN","PENJARINGAN","Seniman",9
"125",2014,"PROVINSI DKI JAKARTA","JAKARTA UTARA","PENJARINGAN","PENJARINGAN","Tabib",NA
"126",2014,"PROVINSI DKI JAKARTA","JAKARTA UTARA","PENJARINGAN","PENJARINGAN","Paraji",NA
"127",2014,"PROVINSI DKI JAKARTA","JAKARTA UTARA","PENJARINGAN","PENJARINGAN","Perancang Busana",1
"128",2014,"PROVINSI DKI JAKARTA","JAKARTA UTARA","PENJARINGAN","PENJARINGAN","Penerjemah",NA
"129",2014,"PROVINSI DKI JAKARTA","JAKARTA UTARA","PENJARINGAN","PENJARINGAN","Imam Masjid",NA
"130",2014,"PROVINSI DKI JAKARTA","JAKARTA UTARA","PENJARINGAN","PENJARINGAN","Pendeta",10
"131",2014,"PROVINSI DKI JAKARTA","JAKARTA UTARA","PENJARINGAN","PENJARINGAN","Pastor",NA
"132",2014,"PROVINSI DKI JAKARTA","JAKARTA UTARA","PENJARINGAN","PENJARINGAN","Wartawan",21
"133",2014,"PROVINSI DKI JAKARTA","JAKARTA UTARA","PENJARINGAN","PENJARINGAN","Ustadz / Mubaligh",5
"134",2014,"PROVINSI DKI JAKARTA","JAKARTA UTARA","PENJARINGAN","PENJARINGAN","Juru Masak",NA
"135",2014,"PROVINSI DKI JAKARTA","JAKARTA UTARA","PENJARINGAN","PENJARINGAN","Promotor Acara",NA
"136",2014,"PROVINSI DKI JAKARTA","JAKARTA UTARA","PENJARINGAN","PENJARINGAN","Promotor Acara",NA
"137",2014,"PROVINSI DKI JAKARTA","JAKARTA UTARA","PENJARINGAN","PENJARINGAN","Anggota DPD",NA
"138",2014,"PROVINSI DKI JAKARTA","JAKARTA UTARA","PENJARINGAN","PENJARINGAN","Anggota BPK",NA
"139",2014,"PROVINSI DKI JAKARTA","JAKARTA UTARA","PENJARINGAN","PENJARINGAN","Presiden",NA
"140",2014,"PROVINSI DKI JAKARTA","JAKARTA UTARA","PENJARINGAN","PENJARINGAN","Wakil Presiden",NA
"141",2014,"PROVINSI DKI JAKARTA","JAKARTA UTARA","PENJARINGAN","PENJARINGAN","Anggota Mahkamah Konstitusi",NA
"142",2014,"PROVINSI DKI JAKARTA","JAKARTA UTARA","PENJARINGAN","PENJARINGAN","Anggota Kabinet Kementerian",NA
"143",2014,"PROVINSI DKI JAKARTA","JAKARTA UTARA","PENJARINGAN","PENJARINGAN","Duta Besar",NA
"144",2014,"PROVINSI DKI JAKARTA","JAKARTA UTARA","PENJARINGAN","PENJARINGAN","Gubernur",NA
"145",2014,"PROVINSI DKI JAKARTA","JAKARTA UTARA","PENJARINGAN","PENJARINGAN","Wakil Gubernur",NA
"146",2014,"PROVINSI DKI JAKARTA","JAKARTA UTARA","PENJARINGAN","PENJARINGAN","Bupati",NA
"147",2014,"PROVINSI DKI JAKARTA","JAKARTA UTARA","PENJARINGAN","PENJARINGAN","Wakil Bupati",NA
"148",2014,"PROVINSI DKI JAKARTA","JAKARTA UTARA","PENJARINGAN","PENJARINGAN","Walikota",NA
"149",2014,"PROVINSI DKI JAKARTA","JAKARTA UTARA","PENJARINGAN","PENJARINGAN","Wakil Walikota",NA
"150",2014,"PROVINSI DKI JAKARTA","JAKARTA UTARA","PENJARINGAN","PENJARINGAN","Anggota DPRD Provinsi",NA
"151",2014,"PROVINSI DKI JAKARTA","JAKARTA UTARA","PENJARINGAN","PENJARINGAN","Anggota DPRD Kabupaten Kota",NA
"152",2014,"PROVINSI DKI JAKARTA","JAKARTA UTARA","PENJARINGAN","PENJARINGAN","Dosen",17
"153",2014,"PROVINSI DKI JAKARTA","JAKARTA UTARA","PENJARINGAN","PENJARINGAN","Guru",380
"154",2014,"PROVINSI DKI JAKARTA","JAKARTA UTARA","PENJARINGAN","PENJARINGAN","Pilot",NA
"155",2014,"PROVINSI DKI JAKARTA","JAKARTA UTARA","PENJARINGAN","PENJARINGAN","Pengacara",9
"156",2014,"PROVINSI DKI JAKARTA","JAKARTA UTARA","PENJARINGAN","PENJARINGAN","Notaris",NA
"157",2014,"PROVINSI DKI JAKARTA","JAKARTA UTARA","PENJARINGAN","PENJARINGAN","Arsitek",2
"158",2014,"PROVINSI DKI JAKARTA","JAKARTA UTARA","PENJARINGAN","PENJARINGAN","Akuntan",1
"159",2014,"PROVINSI DKI JAKARTA","JAKARTA UTARA","PENJARINGAN","PENJARINGAN","Konsultan",2
"160",2014,"PROVINSI DKI JAKARTA","JAKARTA UTARA","PENJARINGAN","PENJARINGAN","Dokter",34
"161",2014,"PROVINSI DKI JAKARTA","JAKARTA UTARA","PENJARINGAN","PENJARINGAN","Bidan",19
"162",2014,"PROVINSI DKI JAKARTA","JAKARTA UTARA","PENJARINGAN","PENJARINGAN","Perawat",34
"163",2014,"PROVINSI DKI JAKARTA","JAKARTA UTARA","PENJARINGAN","PENJARINGAN","Apoteker",NA
"164",2014,"PROVINSI DKI JAKARTA","JAKARTA UTARA","PENJARINGAN","PENJARINGAN","Psikiater / Psikolog",NA
"165",2014,"PROVINSI DKI JAKARTA","JAKARTA UTARA","PENJARINGAN","PENJARINGAN","Penyiar Televisi",NA
"166",2014,"PROVINSI DKI JAKARTA","JAKARTA UTARA","PENJARINGAN","PENJARINGAN","Penyiar Radio",NA
"167",2014,"PROVINSI DKI JAKARTA","JAKARTA UTARA","PENJARINGAN","PENJARINGAN","Pelaut",411
"168",2014,"PROVINSI DKI JAKARTA","JAKARTA UTARA","PENJARINGAN","PENJARINGAN","Peneliti",NA
"169",2014,"PROVINSI DKI JAKARTA","JAKARTA UTARA","PENJARINGAN","PENJARINGAN","Sopir",532
"170",2014,"PROVINSI DKI JAKARTA","JAKARTA UTARA","PENJARINGAN","PENJARINGAN","Pialang",NA
"171",2014,"PROVINSI DKI JAKARTA","JAKARTA UTARA","PENJARINGAN","PENJARINGAN","Paranormal",2
"172",2014,"PROVINSI DKI JAKARTA","JAKARTA UTARA","PENJARINGAN","PENJARINGAN","Pedagang",1144
"173",2014,"PROVINSI DKI JAKARTA","JAKARTA UTARA","PENJARINGAN","PENJARINGAN","Perangkat Desa",NA
"174",2014,"PROVINSI DKI JAKARTA","JAKARTA UTARA","PENJARINGAN","PENJARINGAN","Kepala Desa",NA
"175",2014,"PROVINSI DKI JAKARTA","JAKARTA UTARA","PENJARINGAN","PENJARINGAN","Biarawati",NA
"176",2014,"PROVINSI DKI JAKARTA","JAKARTA UTARA","PENJARINGAN","PENJARINGAN","Wiraswasta",9497
"177",2014,"PROVINSI DKI JAKARTA","JAKARTA UTARA","PENJARINGAN","PENJARINGAN","Hakim",NA
"178",2014,"PROVINSI DKI JAKARTA","JAKARTA UTARA","PENJARINGAN","PENJARINGAN","Lainnya",307
"179",2015,"PROVINSI DKI JAKARTA","JAKARTA UTARA","PENJARINGAN","PENJARINGAN","Bekerja",48674
"180",2015,"PROVINSI DKI JAKARTA","JAKARTA UTARA","PENJARINGAN","PENJARINGAN","Belum Bekerja / Tidak Bekerja",405
"181",2015,"PROVINSI DKI JAKARTA","JAKARTA UTARA","PENJARINGAN","PENJARINGAN","Mengurus Rumah Tangga",23292
"182",2015,"PROVINSI DKI JAKARTA","JAKARTA UTARA","PENJARINGAN","PENJARINGAN","Pelajar / Mahasiswa",13481
"183",2015,"PROVINSI DKI JAKARTA","JAKARTA UTARA","PENJARINGAN","PENJARINGAN","Pensiunan",127
"184",2013,"PROVINSI DKI JAKARTA","JAKARTA UTARA","PENJARINGAN","PENJARINGAN","Belum / Tidak Bekerja",17853
"185",2013,"PROVINSI DKI JAKARTA","JAKARTA UTARA","PENJARINGAN","PENJARINGAN","Mengurus Rumah Tangga",22284
"186",2013,"PROVINSI DKI JAKARTA","JAKARTA UTARA","PENJARINGAN","PENJARINGAN","Pelajar / Mahasiswa",23656
"187",2013,"PROVINSI DKI JAKARTA","JAKARTA UTARA","PENJARINGAN","PENJARINGAN","Pensiunan",238
"188",2013,"PROVINSI DKI JAKARTA","JAKARTA UTARA","PENJARINGAN","PENJARINGAN","Pegawai Negeri Sipil",165
"189",2013,"PROVINSI DKI JAKARTA","JAKARTA UTARA","PENJARINGAN","PENJARINGAN","Tentara Negara Indonesia",58
"190",2013,"PROVINSI DKI JAKARTA","JAKARTA UTARA","PENJARINGAN","PENJARINGAN","Kepolisian RI",63
"191",2013,"PROVINSI DKI JAKARTA","JAKARTA UTARA","PENJARINGAN","PENJARINGAN","Perdagangan",4
"192",2013,"PROVINSI DKI JAKARTA","JAKARTA UTARA","PENJARINGAN","PENJARINGAN","Petani / Pekebun",6
"193",2013,"PROVINSI DKI JAKARTA","JAKARTA UTARA","PENJARINGAN","PENJARINGAN","Peternak",NA
"194",2013,"PROVINSI DKI JAKARTA","JAKARTA UTARA","PENJARINGAN","PENJARINGAN","Nelayan / Perikanan",335
"195",2013,"PROVINSI DKI JAKARTA","JAKARTA UTARA","PENJARINGAN","PENJARINGAN","Industri",63
"196",2013,"PROVINSI DKI JAKARTA","JAKARTA UTARA","PENJARINGAN","PENJARINGAN","Konstruksi",53
"197",2013,"PROVINSI DKI JAKARTA","JAKARTA UTARA","PENJARINGAN","PENJARINGAN","Transportasi",6
"198",2013,"PROVINSI DKI JAKARTA","JAKARTA UTARA","PENJARINGAN","PENJARINGAN","Karyawan Swasta",27610
"199",2013,"PROVINSI DKI JAKARTA","JAKARTA UTARA","PENJARINGAN","PENJARINGAN","Karyawan BUMN",22
"200",2013,"PROVINSI DKI JAKARTA","JAKARTA UTARA","PENJARINGAN","PENJARINGAN","Karyawan BUMD",NA
"201",2013,"PROVINSI DKI JAKARTA","JAKARTA UTARA","PENJARINGAN","PENJARINGAN","Karyawan Honorer",17
"202",2013,"PROVINSI DKI JAKARTA","JAKARTA UTARA","PENJARINGAN","PENJARINGAN","Buruh Harian Lepas",4747
"203",2013,"PROVINSI DKI JAKARTA","JAKARTA UTARA","PENJARINGAN","PENJARINGAN","Buruh Tani / Perkebunan",4
"204",2013,"PROVINSI DKI JAKARTA","JAKARTA UTARA","PENJARINGAN","PENJARINGAN","Buruh Nelayan / Perikanan",3
"205",2013,"PROVINSI DKI JAKARTA","JAKARTA UTARA","PENJARINGAN","PENJARINGAN","Buruh Perternakkan",NA
"206",2013,"PROVINSI DKI JAKARTA","JAKARTA UTARA","PENJARINGAN","PENJARINGAN","Pembantu Rumah Tangga",NA
"207",2013,"PROVINSI DKI JAKARTA","JAKARTA UTARA","PENJARINGAN","PENJARINGAN","Tukang Cukur",NA
"208",2013,"PROVINSI DKI JAKARTA","JAKARTA UTARA","PENJARINGAN","PENJARINGAN","Tukang Listrik",NA
"209",2013,"PROVINSI DKI JAKARTA","JAKARTA UTARA","PENJARINGAN","PENJARINGAN","Tukang Batu",NA
"210",2013,"PROVINSI DKI JAKARTA","JAKARTA UTARA","PENJARINGAN","PENJARINGAN","Tukang Batu",NA
"211",2013,"PROVINSI DKI JAKARTA","JAKARTA UTARA","PENJARINGAN","PENJARINGAN","Tukang Kayu",NA
"212",2013,"PROVINSI DKI JAKARTA","JAKARTA UTARA","PENJARINGAN","PENJARINGAN","Tukang Sol Sepatu",NA
"213",2013,"PROVINSI DKI JAKARTA","JAKARTA UTARA","PENJARINGAN","PENJARINGAN","Tukang Las / Pandai Besi",NA
"214",2013,"PROVINSI DKI JAKARTA","JAKARTA UTARA","PENJARINGAN","PENJARINGAN","Tukang Las / Pandai Besi",NA
"215",2013,"PROVINSI DKI JAKARTA","JAKARTA UTARA","PENJARINGAN","PENJARINGAN","Tukang Jahit",1
"216",2013,"PROVINSI DKI JAKARTA","JAKARTA UTARA","PENJARINGAN","PENJARINGAN","Tukang Gigi",NA
"217",2013,"PROVINSI DKI JAKARTA","JAKARTA UTARA","PENJARINGAN","PENJARINGAN","Penata Rias",NA
"218",2013,"PROVINSI DKI JAKARTA","JAKARTA UTARA","PENJARINGAN","PENJARINGAN","Penata Busana",NA
"219",2013,"PROVINSI DKI JAKARTA","JAKARTA UTARA","PENJARINGAN","PENJARINGAN","Penata Rambut",NA
"220",2013,"PROVINSI DKI JAKARTA","JAKARTA UTARA","PENJARINGAN","PENJARINGAN","Mekanik",5
"221",2013,"PROVINSI DKI JAKARTA","JAKARTA UTARA","PENJARINGAN","PENJARINGAN","Seniman",9
"222",2013,"PROVINSI DKI JAKARTA","JAKARTA UTARA","PENJARINGAN","PENJARINGAN","Tabib",NA
"223",2013,"PROVINSI DKI JAKARTA","JAKARTA UTARA","PENJARINGAN","PENJARINGAN","Paraji",NA
"224",2013,"PROVINSI DKI JAKARTA","JAKARTA UTARA","PENJARINGAN","PENJARINGAN","Perancang Busana",2
"225",2013,"PROVINSI DKI JAKARTA","JAKARTA UTARA","PENJARINGAN","PENJARINGAN","Penerjermah",NA
"226",2013,"PROVINSI DKI JAKARTA","JAKARTA UTARA","PENJARINGAN","PENJARINGAN","Imam Masjid",NA
"227",2013,"PROVINSI DKI JAKARTA","JAKARTA UTARA","PENJARINGAN","PENJARINGAN","Pendeta",9
"228",2013,"PROVINSI DKI JAKARTA","JAKARTA UTARA","PENJARINGAN","PENJARINGAN","Pastor",NA
"229",2013,"PROVINSI DKI JAKARTA","JAKARTA UTARA","PENJARINGAN","PENJARINGAN","Wartawan",21
"230",2013,"PROVINSI DKI JAKARTA","JAKARTA UTARA","PENJARINGAN","PENJARINGAN","ustadz/mubaligh",6
"231",2013,"PROVINSI DKI JAKARTA","JAKARTA UTARA","PENJARINGAN","PENJARINGAN","Juru Masak",NA
"232",2013,"PROVINSI DKI JAKARTA","JAKARTA UTARA","PENJARINGAN","PENJARINGAN","Promotor Acara",NA
"233",2013,"PROVINSI DKI JAKARTA","JAKARTA UTARA","PENJARINGAN","PENJARINGAN","Anggota DPR RI",NA
"234",2013,"PROVINSI DKI JAKARTA","JAKARTA UTARA","PENJARINGAN","PENJARINGAN","Anggota DPD",NA
"235",2013,"PROVINSI DKI JAKARTA","JAKARTA UTARA","PENJARINGAN","PENJARINGAN","Anggota BPK",NA
"236",2013,"PROVINSI DKI JAKARTA","JAKARTA UTARA","PENJARINGAN","PENJARINGAN","Wakil Presiden",NA
"237",2013,"PROVINSI DKI JAKARTA","JAKARTA UTARA","PENJARINGAN","PENJARINGAN","Anggota Mahkamah Konstitusi",NA
"238",2013,"PROVINSI DKI JAKARTA","JAKARTA UTARA","PENJARINGAN","PENJARINGAN","Anggota Kabinet Menteri",NA
"239",2013,"PROVINSI DKI JAKARTA","JAKARTA UTARA","PENJARINGAN","PENJARINGAN","Duta Besar",NA
"240",2013,"PROVINSI DKI JAKARTA","JAKARTA UTARA","PENJARINGAN","PENJARINGAN","Duta Besar",NA
"241",2013,"PROVINSI DKI JAKARTA","JAKARTA UTARA","PENJARINGAN","PENJARINGAN","Gubernur",NA
"242",2013,"PROVINSI DKI JAKARTA","JAKARTA UTARA","PENJARINGAN","PENJARINGAN","Wakil Gubernur",NA
"243",2013,"PROVINSI DKI JAKARTA","JAKARTA UTARA","PENJARINGAN","PENJARINGAN","Bupati",NA
"244",2013,"PROVINSI DKI JAKARTA","JAKARTA UTARA","PENJARINGAN","PENJARINGAN","Walikota",NA
"245",2013,"PROVINSI DKI JAKARTA","JAKARTA UTARA","PENJARINGAN","PENJARINGAN","Anggota DPRD Provinsi",NA
"246",2013,"PROVINSI DKI JAKARTA","JAKARTA UTARA","PENJARINGAN","PENJARINGAN","Anggota DPRD Kabupaten Kota",NA
"247",2013,"PROVINSI DKI JAKARTA","JAKARTA UTARA","PENJARINGAN","PENJARINGAN","Dosen",18
"248",2013,"PROVINSI DKI JAKARTA","JAKARTA UTARA","PENJARINGAN","PENJARINGAN","Guru",393
"249",2013,"PROVINSI DKI JAKARTA","JAKARTA UTARA","PENJARINGAN","PENJARINGAN","Pilot",NA
"250",2013,"PROVINSI DKI JAKARTA","JAKARTA UTARA","PENJARINGAN","PENJARINGAN","Pengacara",7
"251",2013,"PROVINSI DKI JAKARTA","JAKARTA UTARA","PENJARINGAN","PENJARINGAN","Notaris",1
"252",2013,"PROVINSI DKI JAKARTA","JAKARTA UTARA","PENJARINGAN","PENJARINGAN","Arsitek",2
"253",2013,"PROVINSI DKI JAKARTA","JAKARTA UTARA","PENJARINGAN","PENJARINGAN","Akuntan",1
"254",2013,"PROVINSI DKI JAKARTA","JAKARTA UTARA","PENJARINGAN","PENJARINGAN","Konsultan",2
"255",2013,"PROVINSI DKI JAKARTA","JAKARTA UTARA","PENJARINGAN","PENJARINGAN","Dokter",38
"256",2013,"PROVINSI DKI JAKARTA","JAKARTA UTARA","PENJARINGAN","PENJARINGAN","Perawat",31
"257",2013,"PROVINSI DKI JAKARTA","JAKARTA UTARA","PENJARINGAN","PENJARINGAN","Apoteker",NA
"258",2013,"PROVINSI DKI JAKARTA","JAKARTA UTARA","PENJARINGAN","PENJARINGAN","Psikiater / Psikolog",NA
"259",2013,"PROVINSI DKI JAKARTA","JAKARTA UTARA","PENJARINGAN","PENJARINGAN","Penyiar Televisi",NA
"260",2013,"PROVINSI DKI JAKARTA","JAKARTA UTARA","PENJARINGAN","PENJARINGAN","Penyiar Radio",NA
"261",2013,"PROVINSI DKI JAKARTA","JAKARTA UTARA","PENJARINGAN","PENJARINGAN","Pelaut",407
"262",2013,"PROVINSI DKI JAKARTA","JAKARTA UTARA","PENJARINGAN","PENJARINGAN","Peneliti",NA
"263",2013,"PROVINSI DKI JAKARTA","JAKARTA UTARA","PENJARINGAN","PENJARINGAN","Sopir",520
"264",2013,"PROVINSI DKI JAKARTA","JAKARTA UTARA","PENJARINGAN","PENJARINGAN","Pialang",NA
"265",2013,"PROVINSI DKI JAKARTA","JAKARTA UTARA","PENJARINGAN","PENJARINGAN","Paranormal",2
"266",2013,"PROVINSI DKI JAKARTA","JAKARTA UTARA","PENJARINGAN","PENJARINGAN","Pedagang",1220
"267",2013,"PROVINSI DKI JAKARTA","JAKARTA UTARA","PENJARINGAN","PENJARINGAN","Perangkat Desa",NA
"268",2013,"PROVINSI DKI JAKARTA","JAKARTA UTARA","PENJARINGAN","PENJARINGAN","Kepala Desa",NA
"269",2013,"PROVINSI DKI JAKARTA","JAKARTA UTARA","PENJARINGAN","PENJARINGAN","Biarawati",1
"270",2013,"PROVINSI DKI JAKARTA","JAKARTA UTARA","PENJARINGAN","PENJARINGAN","Wiraswasta",9711
"271",2013,"PROVINSI DKI JAKARTA","JAKARTA UTARA","PENJARINGAN","PENJARINGAN","Lainnya",1249
"272",2014,"PROVINSI DKI JAKARTA","JAKARTA UTARA","PENJARINGAN","PENJARINGAN","Belum / Tidak Bekerja",19168
"273",2014,"PROVINSI DKI JAKARTA","JAKARTA UTARA","PENJARINGAN","PENJARINGAN","Mengurus Rumah Tangga",21472
"274",2014,"PROVINSI DKI JAKARTA","JAKARTA UTARA","PENJARINGAN","PENJARINGAN","Pelajar / Mahasiswa",22479
"275",2014,"PROVINSI DKI JAKARTA","JAKARTA UTARA","PENJARINGAN","PENJARINGAN","Pensiunan",224
"276",2014,"PROVINSI DKI JAKARTA","JAKARTA UTARA","PENJARINGAN","PENJARINGAN","Pegawai Negeri Sipil",145
"277",2014,"PROVINSI DKI JAKARTA","JAKARTA UTARA","PENJARINGAN","PENJARINGAN","Tentara Nasional Indonesia",56
"278",2014,"PROVINSI DKI JAKARTA","JAKARTA UTARA","PENJARINGAN","PENJARINGAN","Kepolisian RI",59
"279",2014,"PROVINSI DKI JAKARTA","JAKARTA UTARA","PENJARINGAN","PENJARINGAN","Perdagangan",3
"280",2014,"PROVINSI DKI JAKARTA","JAKARTA UTARA","PENJARINGAN","PENJARINGAN","Petani / Pekebun",6
"281",2014,"PROVINSI DKI JAKARTA","JAKARTA UTARA","PENJARINGAN","PENJARINGAN","Peternak",NA
"282",2014,"PROVINSI DKI JAKARTA","JAKARTA UTARA","PENJARINGAN","PENJARINGAN","Nelayan / Perikanan",343
"283",2014,"PROVINSI DKI JAKARTA","JAKARTA UTARA","PENJARINGAN","PENJARINGAN","Industri",46
"284",2014,"PROVINSI DKI JAKARTA","JAKARTA UTARA","PENJARINGAN","PENJARINGAN","Konstruksi",37
"285",2014,"PROVINSI DKI JAKARTA","JAKARTA UTARA","PENJARINGAN","PENJARINGAN","Transportasi",10
"286",2014,"PROVINSI DKI JAKARTA","JAKARTA UTARA","PENJARINGAN","PENJARINGAN","Karyawan Swasta",26661
"287",2014,"PROVINSI DKI JAKARTA","JAKARTA UTARA","PENJARINGAN","PENJARINGAN","Karyawan BUMN",20
"288",2014,"PROVINSI DKI JAKARTA","JAKARTA UTARA","PENJARINGAN","PENJARINGAN","Karyawan BUMD",1
"289",2014,"PROVINSI DKI JAKARTA","JAKARTA UTARA","PENJARINGAN","PENJARINGAN","Karyawan Honorer",17
"290",2014,"PROVINSI DKI JAKARTA","JAKARTA UTARA","PENJARINGAN","PENJARINGAN","Buruh Harian Lepas",4673
"291",2014,"PROVINSI DKI JAKARTA","JAKARTA UTARA","PENJARINGAN","PENJARINGAN","Buruh Tani Perkebunan",6
"292",2014,"PROVINSI DKI JAKARTA","JAKARTA UTARA","PENJARINGAN","PENJARINGAN","Buruh Nelayan Perikanan",6
"293",2014,"PROVINSI DKI JAKARTA","JAKARTA UTARA","PENJARINGAN","PENJARINGAN","Buruh Peternakan",NA
"294",2014,"PROVINSI DKI JAKARTA","JAKARTA UTARA","PENJARINGAN","PENJARINGAN","Pembantu Rumah Tangga",1
"295",2014,"PROVINSI DKI JAKARTA","JAKARTA UTARA","PENJARINGAN","PENJARINGAN","Tukang Cukur",NA
"296",2014,"PROVINSI DKI JAKARTA","JAKARTA UTARA","PENJARINGAN","PENJARINGAN","Tukang Listrik",NA
"297",2014,"PROVINSI DKI JAKARTA","JAKARTA UTARA","PENJARINGAN","PENJARINGAN","Tukang Batu",NA
"298",2014,"PROVINSI DKI JAKARTA","JAKARTA UTARA","PENJARINGAN","PENJARINGAN","Tukang Kayu",NA
"299",2014,"PROVINSI DKI JAKARTA","JAKARTA UTARA","PENJARINGAN","PENJARINGAN","Tukang Sol Sepatu",NA
"300",2014,"PROVINSI DKI JAKARTA","JAKARTA UTARA","PENJARINGAN","PENJARINGAN","Tukang Las / Pandai Besi",NA
"301",2014,"PROVINSI DKI JAKARTA","JAKARTA UTARA","PENJARINGAN","PENJARINGAN","Tukang Jahit",1
"302",2014,"PROVINSI DKI JAKARTA","JAKARTA UTARA","PENJARINGAN","PENJARINGAN","Tukang Gigi",NA
"303",2014,"PROVINSI DKI JAKARTA","JAKARTA UTARA","PENJARINGAN","PENJARINGAN","Penata Rias",NA
"304",2014,"PROVINSI DKI JAKARTA","JAKARTA UTARA","PENJARINGAN","PENJARINGAN","Penata Busana",NA
"305",2014,"PROVINSI DKI JAKARTA","JAKARTA UTARA","PENJARINGAN","PENJARINGAN","Penata Rambut",NA
"306",2014,"PROVINSI DKI JAKARTA","JAKARTA UTARA","PENJARINGAN","PENJARINGAN","Mekanik",5
"307",2014,"PROVINSI DKI JAKARTA","JAKARTA UTARA","PENJARINGAN","PENJARINGAN","Seniman",9
"308",2014,"PROVINSI DKI JAKARTA","JAKARTA UTARA","PENJARINGAN","PENJARINGAN","Tabib",NA
"309",2014,"PROVINSI DKI JAKARTA","JAKARTA UTARA","PENJARINGAN","PENJARINGAN","Paraji",NA
"310",2014,"PROVINSI DKI JAKARTA","JAKARTA UTARA","PENJARINGAN","PENJARINGAN","Perancang Busana",1
"311",2014,"PROVINSI DKI JAKARTA","JAKARTA UTARA","PENJARINGAN","PENJARINGAN","Penerjemah",NA
"312",2014,"PROVINSI DKI JAKARTA","JAKARTA UTARA","PENJARINGAN","PENJARINGAN","Imam Masjid",NA
"313",2014,"PROVINSI DKI JAKARTA","JAKARTA UTARA","PENJARINGAN","PENJARINGAN","Pendeta",10
"314",2014,"PROVINSI DKI JAKARTA","JAKARTA UTARA","PENJARINGAN","PENJARINGAN","Pastor",NA
"315",2014,"PROVINSI DKI JAKARTA","JAKARTA UTARA","PENJARINGAN","PENJARINGAN","Wartawan",21
"316",2014,"PROVINSI DKI JAKARTA","JAKARTA UTARA","PENJARINGAN","PENJARINGAN","Ustadz / Mubaligh",5
"317",2014,"PROVINSI DKI JAKARTA","JAKARTA UTARA","PENJARINGAN","PENJARINGAN","Juru Masak",NA
"318",2014,"PROVINSI DKI JAKARTA","JAKARTA UTARA","PENJARINGAN","PENJARINGAN","Promotor Acara",NA
"319",2014,"PROVINSI DKI JAKARTA","JAKARTA UTARA","PENJARINGAN","PENJARINGAN","Promotor Acara",NA
"320",2014,"PROVINSI DKI JAKARTA","JAKARTA UTARA","PENJARINGAN","PENJARINGAN","Anggota DPD",NA
"321",2014,"PROVINSI DKI JAKARTA","JAKARTA UTARA","PENJARINGAN","PENJARINGAN","Anggota BPK",NA
"322",2014,"PROVINSI DKI JAKARTA","JAKARTA UTARA","PENJARINGAN","PENJARINGAN","Presiden",NA
"323",2014,"PROVINSI DKI JAKARTA","JAKARTA UTARA","PENJARINGAN","PENJARINGAN","Wakil Presiden",NA
"324",2014,"PROVINSI DKI JAKARTA","JAKARTA UTARA","PENJARINGAN","PENJARINGAN","Anggota Mahkamah Konstitusi",NA
"325",2014,"PROVINSI DKI JAKARTA","JAKARTA UTARA","PENJARINGAN","PENJARINGAN","Anggota Kabinet Kementerian",NA
"326",2014,"PROVINSI DKI JAKARTA","JAKARTA UTARA","PENJARINGAN","PENJARINGAN","Duta Besar",NA
"327",2014,"PROVINSI DKI JAKARTA","JAKARTA UTARA","PENJARINGAN","PENJARINGAN","Gubernur",NA
"328",2014,"PROVINSI DKI JAKARTA","JAKARTA UTARA","PENJARINGAN","PENJARINGAN","Wakil Gubernur",NA
"329",2014,"PROVINSI DKI JAKARTA","JAKARTA UTARA","PENJARINGAN","PENJARINGAN","Bupati",NA
"330",2014,"PROVINSI DKI JAKARTA","JAKARTA UTARA","PENJARINGAN","PENJARINGAN","Wakil Bupati",NA
"331",2014,"PROVINSI DKI JAKARTA","JAKARTA UTARA","PENJARINGAN","PENJARINGAN","Walikota",NA
"332",2014,"PROVINSI DKI JAKARTA","JAKARTA UTARA","PENJARINGAN","PENJARINGAN","Wakil Walikota",NA
"333",2014,"PROVINSI DKI JAKARTA","JAKARTA UTARA","PENJARINGAN","PENJARINGAN","Anggota DPRD Provinsi",NA
"334",2014,"PROVINSI DKI JAKARTA","JAKARTA UTARA","PENJARINGAN","PENJARINGAN","Anggota DPRD Kabupaten Kota",NA
"335",2014,"PROVINSI DKI JAKARTA","JAKARTA UTARA","PENJARINGAN","PENJARINGAN","Dosen",17
"336",2014,"PROVINSI DKI JAKARTA","JAKARTA UTARA","PENJARINGAN","PENJARINGAN","Guru",380
"337",2014,"PROVINSI DKI JAKARTA","JAKARTA UTARA","PENJARINGAN","PENJARINGAN","Pilot",NA
"338",2014,"PROVINSI DKI JAKARTA","JAKARTA UTARA","PENJARINGAN","PENJARINGAN","Pengacara",9
"339",2014,"PROVINSI DKI JAKARTA","JAKARTA UTARA","PENJARINGAN","PENJARINGAN","Notaris",NA
"340",2014,"PROVINSI DKI JAKARTA","JAKARTA UTARA","PENJARINGAN","PENJARINGAN","Arsitek",2
"341",2014,"PROVINSI DKI JAKARTA","JAKARTA UTARA","PENJARINGAN","PENJARINGAN","Akuntan",1
"342",2014,"PROVINSI DKI JAKARTA","JAKARTA UTARA","PENJARINGAN","PENJARINGAN","Konsultan",2
"343",2014,"PROVINSI DKI JAKARTA","JAKARTA UTARA","PENJARINGAN","PENJARINGAN","Dokter",34
"344",2014,"PROVINSI DKI JAKARTA","JAKARTA UTARA","PENJARINGAN","PENJARINGAN","Bidan",19
"345",2014,"PROVINSI DKI JAKARTA","JAKARTA UTARA","PENJARINGAN","PENJARINGAN","Perawat",34
"346",2014,"PROVINSI DKI JAKARTA","JAKARTA UTARA","PENJARINGAN","PENJARINGAN","Apoteker",NA
"347",2014,"PROVINSI DKI JAKARTA","JAKARTA UTARA","PENJARINGAN","PENJARINGAN","Psikiater / Psikolog",NA
"348",2014,"PROVINSI DKI JAKARTA","JAKARTA UTARA","PENJARINGAN","PENJARINGAN","Penyiar Televisi",NA
"349",2014,"PROVINSI DKI JAKARTA","JAKARTA UTARA","PENJARINGAN","PENJARINGAN","Penyiar Radio",NA
"350",2014,"PROVINSI DKI JAKARTA","JAKARTA UTARA","PENJARINGAN","PENJARINGAN","Pelaut",411
"351",2014,"PROVINSI DKI JAKARTA","JAKARTA UTARA","PENJARINGAN","PENJARINGAN","Peneliti",NA
"352",2014,"PROVINSI DKI JAKARTA","JAKARTA UTARA","PENJARINGAN","PENJARINGAN","Sopir",532
"353",2014,"PROVINSI DKI JAKARTA","JAKARTA UTARA","PENJARINGAN","PENJARINGAN","Pialang",NA
"354",2014,"PROVINSI DKI JAKARTA","JAKARTA UTARA","PENJARINGAN","PENJARINGAN","Paranormal",2
"355",2014,"PROVINSI DKI JAKARTA","JAKARTA UTARA","PENJARINGAN","PENJARINGAN","Pedagang",1144
"356",2014,"PROVINSI DKI JAKARTA","JAKARTA UTARA","PENJARINGAN","PENJARINGAN","Perangkat Desa",NA
"357",2014,"PROVINSI DKI JAKARTA","JAKARTA UTARA","PENJARINGAN","PENJARINGAN","Kepala Desa",NA
"358",2014,"PROVINSI DKI JAKARTA","JAKARTA UTARA","PENJARINGAN","PENJARINGAN","Biarawati",NA
"359",2014,"PROVINSI DKI JAKARTA","JAKARTA UTARA","PENJARINGAN","PENJARINGAN","Wiraswasta",9497
"360",2014,"PROVINSI DKI JAKARTA","JAKARTA UTARA","PENJARINGAN","PENJARINGAN","Hakim",NA
"361",2014,"PROVINSI DKI JAKARTA","JAKARTA UTARA","PENJARINGAN","PENJARINGAN","Lainnya",307
"362",2015,"PROVINSI DKI JAKARTA","JAKARTA UTARA","PENJARINGAN","PENJARINGAN","Bekerja",48674
"363",2015,"PROVINSI DKI JAKARTA","JAKARTA UTARA","PENJARINGAN","PENJARINGAN","Belum Bekerja / Tidak Bekerja",405
"364",2015,"PROVINSI DKI JAKARTA","JAKARTA UTARA","PENJARINGAN","PENJARINGAN","Mengurus Rumah Tangga",23292
"365",2015,"PROVINSI DKI JAKARTA","JAKARTA UTARA","PENJARINGAN","PENJARINGAN","Pelajar / Mahasiswa",13481
"366",2015,"PROVINSI DKI JAKARTA","JAKARTA UTARA","PENJARINGAN","PENJARINGAN","Pensiunan",127
"367",2016,"PROVINSI DKI JAKARTA","JAKARTA UTARA","PENJARINGAN","PENJARINGAN","Akuntan",1
"368",2016,"PROVINSI DKI JAKARTA","JAKARTA UTARA","PENJARINGAN","PENJARINGAN","Apoteker",1
"369",2016,"PROVINSI DKI JAKARTA","JAKARTA UTARA","PENJARINGAN","PENJARINGAN","Arsitek",1
"370",2016,"PROVINSI DKI JAKARTA","JAKARTA UTARA","PENJARINGAN","PENJARINGAN","Belum/Tidak Bekerja",19865
"371",2016,"PROVINSI DKI JAKARTA","JAKARTA UTARA","PENJARINGAN","PENJARINGAN","Bidan",18
"372",2016,"PROVINSI DKI JAKARTA","JAKARTA UTARA","PENJARINGAN","PENJARINGAN","Buruh Harian Lepas",4351
"373",2016,"PROVINSI DKI JAKARTA","JAKARTA UTARA","PENJARINGAN","PENJARINGAN","Buruh Nelayan/Perikanan",10
"374",2016,"PROVINSI DKI JAKARTA","JAKARTA UTARA","PENJARINGAN","PENJARINGAN","Buruh Tani/Perkebunan",6
"375",2016,"PROVINSI DKI JAKARTA","JAKARTA UTARA","PENJARINGAN","PENJARINGAN","Dokter",49
"376",2016,"PROVINSI DKI JAKARTA","JAKARTA UTARA","PENJARINGAN","PENJARINGAN","Dosen",15
"377",2016,"PROVINSI DKI JAKARTA","JAKARTA UTARA","PENJARINGAN","PENJARINGAN","Guru",393
"378",2016,"PROVINSI DKI JAKARTA","JAKARTA UTARA","PENJARINGAN","PENJARINGAN","Industri",28
"379",2016,"PROVINSI DKI JAKARTA","JAKARTA UTARA","PENJARINGAN","PENJARINGAN","Karyawan BUMD",2
"380",2016,"PROVINSI DKI JAKARTA","JAKARTA UTARA","PENJARINGAN","PENJARINGAN","Karyawan BUMN",19
"381",2016,"PROVINSI DKI JAKARTA","JAKARTA UTARA","PENJARINGAN","PENJARINGAN","Karyawan Honorer",15
"382",2016,"PROVINSI DKI JAKARTA","JAKARTA UTARA","PENJARINGAN","PENJARINGAN","Karyawan Swasta",26844
"383",2016,"PROVINSI DKI JAKARTA","JAKARTA UTARA","PENJARINGAN","PENJARINGAN","Kepolisian RI",58
"384",2016,"PROVINSI DKI JAKARTA","JAKARTA UTARA","PENJARINGAN","PENJARINGAN","Konstruksi",26
"385",2016,"PROVINSI DKI JAKARTA","JAKARTA UTARA","PENJARINGAN","PENJARINGAN","Konsultan",1
"386",2016,"PROVINSI DKI JAKARTA","JAKARTA UTARA","PENJARINGAN","PENJARINGAN","Lainnya",340
"387",2016,"PROVINSI DKI JAKARTA","JAKARTA UTARA","PENJARINGAN","PENJARINGAN","Mekanik",5
"388",2016,"PROVINSI DKI JAKARTA","JAKARTA UTARA","PENJARINGAN","PENJARINGAN","Mengurus Rumah Tangga",21852
"389",2016,"PROVINSI DKI JAKARTA","JAKARTA UTARA","PENJARINGAN","PENJARINGAN","Nelayan/Perikanan",273
"390",2016,"PROVINSI DKI JAKARTA","JAKARTA UTARA","PENJARINGAN","PENJARINGAN","Paranormal",1
"391",2016,"PROVINSI DKI JAKARTA","JAKARTA UTARA","PENJARINGAN","PENJARINGAN","Pedagang",1023
"392",2016,"PROVINSI DKI JAKARTA","JAKARTA UTARA","PENJARINGAN","PENJARINGAN","Pegawai Negeri Sipil",124
"393",2016,"PROVINSI DKI JAKARTA","JAKARTA UTARA","PENJARINGAN","PENJARINGAN","Pelajar/Mahasiswa",20580
"394",2016,"PROVINSI DKI JAKARTA","JAKARTA UTARA","PENJARINGAN","PENJARINGAN","Pelaut",303
"395",2016,"PROVINSI DKI JAKARTA","JAKARTA UTARA","PENJARINGAN","PENJARINGAN","Pembantu Rumah Tangga",1
"396",2016,"PROVINSI DKI JAKARTA","JAKARTA UTARA","PENJARINGAN","PENJARINGAN","Pendeta",10
"397",2016,"PROVINSI DKI JAKARTA","JAKARTA UTARA","PENJARINGAN","PENJARINGAN","Pengacara",8
"398",2016,"PROVINSI DKI JAKARTA","JAKARTA UTARA","PENJARINGAN","PENJARINGAN","Pensiunan",185
"399",2016,"PROVINSI DKI JAKARTA","JAKARTA UTARA","PENJARINGAN","PENJARINGAN","Perancang Busana",1
"400",2016,"PROVINSI DKI JAKARTA","JAKARTA UTARA","PENJARINGAN","PENJARINGAN","Perawat",36
"401",2016,"PROVINSI DKI JAKARTA","JAKARTA UTARA","PENJARINGAN","PENJARINGAN","Perdagangan",12
"402",2016,"PROVINSI DKI JAKARTA","JAKARTA UTARA","PENJARINGAN","PENJARINGAN","Petani/Pekebun",14
"403",2016,"PROVINSI DKI JAKARTA","JAKARTA UTARA","PENJARINGAN","PENJARINGAN","Seniman",8
"404",2016,"PROVINSI DKI JAKARTA","JAKARTA UTARA","PENJARINGAN","PENJARINGAN","Sopir",447
"405",2016,"PROVINSI DKI JAKARTA","JAKARTA UTARA","PENJARINGAN","PENJARINGAN","Tentara Nasional Indonesia",59
"406",2016,"PROVINSI DKI JAKARTA","JAKARTA UTARA","PENJARINGAN","PENJARINGAN","Transportasi",4
"407",2016,"PROVINSI DKI JAKARTA","JAKARTA UTARA","PENJARINGAN","PENJARINGAN","Tukang Jahit",1
"408",2016,"PROVINSI DKI JAKARTA","JAKARTA UTARA","PENJARINGAN","PENJARINGAN","Ustadz/Mubaligh",5
"409",2016,"PROVINSI DKI JAKARTA","JAKARTA UTARA","PENJARINGAN","PENJARINGAN","Wartawan",22
"410",2016,"PROVINSI DKI JAKARTA","JAKARTA UTARA","PENJARINGAN","PENJARINGAN","Wiraswasta",8760
"411",2017,"PROVINSI DKI JAKARTA","JAKARTA UTARA","PENJARINGAN","PENJARINGAN","Akuntan",1
"412",2017,"PROVINSI DKI JAKARTA","JAKARTA UTARA","PENJARINGAN","PENJARINGAN","Apoteker",1
"413",2017,"PROVINSI DKI JAKARTA","JAKARTA UTARA","PENJARINGAN","PENJARINGAN","Arsitek",1
"414",2017,"PROVINSI DKI JAKARTA","JAKARTA UTARA","PENJARINGAN","PENJARINGAN","Belum/Tidak Bekerja",16691
"415",2017,"PROVINSI DKI JAKARTA","JAKARTA UTARA","PENJARINGAN","PENJARINGAN","Bidan",18
"416",2017,"PROVINSI DKI JAKARTA","JAKARTA UTARA","PENJARINGAN","PENJARINGAN","Buruh Harian Lepas",4188
"417",2017,"PROVINSI DKI JAKARTA","JAKARTA UTARA","PENJARINGAN","PENJARINGAN","Buruh Nelayan/Perikanan",10
"418",2017,"PROVINSI DKI JAKARTA","JAKARTA UTARA","PENJARINGAN","PENJARINGAN","Buruh Tani/Perkebunan",6
"419",2017,"PROVINSI DKI JAKARTA","JAKARTA UTARA","PENJARINGAN","PENJARINGAN","Dokter",47
"420",2017,"PROVINSI DKI JAKARTA","JAKARTA UTARA","PENJARINGAN","PENJARINGAN","Dosen",14
"421",2017,"PROVINSI DKI JAKARTA","JAKARTA UTARA","PENJARINGAN","PENJARINGAN","Guru",381
"422",2017,"PROVINSI DKI JAKARTA","JAKARTA UTARA","PENJARINGAN","PENJARINGAN","Industri",25
"423",2017,"PROVINSI DKI JAKARTA","JAKARTA UTARA","PENJARINGAN","PENJARINGAN","Karyawan BUMD",2
"424",2017,"PROVINSI DKI JAKARTA","JAKARTA UTARA","PENJARINGAN","PENJARINGAN","Karyawan BUMN",18
"425",2017,"PROVINSI DKI JAKARTA","JAKARTA UTARA","PENJARINGAN","PENJARINGAN","Karyawan Honorer",15
"426",2017,"PROVINSI DKI JAKARTA","JAKARTA UTARA","PENJARINGAN","PENJARINGAN","Karyawan Swasta",26392
"427",2017,"PROVINSI DKI JAKARTA","JAKARTA UTARA","PENJARINGAN","PENJARINGAN","Kepolisian RI",56
"428",2017,"PROVINSI DKI JAKARTA","JAKARTA UTARA","PENJARINGAN","PENJARINGAN","Konstruksi",24
"429",2017,"PROVINSI DKI JAKARTA","JAKARTA UTARA","PENJARINGAN","PENJARINGAN","Konsultan",1
"430",2017,"PROVINSI DKI JAKARTA","JAKARTA UTARA","PENJARINGAN","PENJARINGAN","Lainnya",318
"431",2017,"PROVINSI DKI JAKARTA","JAKARTA UTARA","PENJARINGAN","PENJARINGAN","Mekanik",5
"432",2017,"PROVINSI DKI JAKARTA","JAKARTA UTARA","PENJARINGAN","PENJARINGAN","Mengurus Rumah Tangga",21498
"433",2017,"PROVINSI DKI JAKARTA","JAKARTA UTARA","PENJARINGAN","PENJARINGAN","Nelayan/Perikanan",271
"434",2017,"PROVINSI DKI JAKARTA","JAKARTA UTARA","PENJARINGAN","PENJARINGAN","Paranormal",1
"435",2017,"PROVINSI DKI JAKARTA","JAKARTA UTARA","PENJARINGAN","PENJARINGAN","Pedagang",986
"436",2017,"PROVINSI DKI JAKARTA","JAKARTA UTARA","PENJARINGAN","PENJARINGAN","Pegawai Negeri Sipil",124
"437",2017,"PROVINSI DKI JAKARTA","JAKARTA UTARA","PENJARINGAN","PENJARINGAN","Pelajar/Mahasiswa",24412
"438",2017,"PROVINSI DKI JAKARTA","JAKARTA UTARA","PENJARINGAN","PENJARINGAN","Pelaut",278
"439",2017,"PROVINSI DKI JAKARTA","JAKARTA UTARA","PENJARINGAN","PENJARINGAN","Pembantu Rumah Tangga",1
"440",2017,"PROVINSI DKI JAKARTA","JAKARTA UTARA","PENJARINGAN","PENJARINGAN","Pendeta",11
"441",2017,"PROVINSI DKI JAKARTA","JAKARTA UTARA","PENJARINGAN","PENJARINGAN","Pengacara",7
"442",2017,"PROVINSI DKI JAKARTA","JAKARTA UTARA","PENJARINGAN","PENJARINGAN","Pensiunan",159
"443",2017,"PROVINSI DKI JAKARTA","JAKARTA UTARA","PENJARINGAN","PENJARINGAN","Perancang Busana",1
"444",2017,"PROVINSI DKI JAKARTA","JAKARTA UTARA","PENJARINGAN","PENJARINGAN","Perawat",34
"445",2017,"PROVINSI DKI JAKARTA","JAKARTA UTARA","PENJARINGAN","PENJARINGAN","Perdagangan",12
"446",2017,"PROVINSI DKI JAKARTA","JAKARTA UTARA","PENJARINGAN","PENJARINGAN","Petani/Pekebun",15
"447",2017,"PROVINSI DKI JAKARTA","JAKARTA UTARA","PENJARINGAN","PENJARINGAN","Seniman",8
"448",2017,"PROVINSI DKI JAKARTA","JAKARTA UTARA","PENJARINGAN","PENJARINGAN","Sopir",438
"449",2017,"PROVINSI DKI JAKARTA","JAKARTA UTARA","PENJARINGAN","PENJARINGAN","Tentara Nasional Indonesia",56
"450",2017,"PROVINSI DKI JAKARTA","JAKARTA UTARA","PENJARINGAN","PENJARINGAN","Transportasi",4
"451",2017,"PROVINSI DKI JAKARTA","JAKARTA UTARA","PENJARINGAN","PENJARINGAN","Tukang Jahit",1
"452",2017,"PROVINSI DKI JAKARTA","JAKARTA UTARA","PENJARINGAN","PENJARINGAN","Ustadz/Mubaligh",5
"453",2017,"PROVINSI DKI JAKARTA","JAKARTA UTARA","PENJARINGAN","PENJARINGAN","Wartawan",22
"454",2017,"PROVINSI DKI JAKARTA","JAKARTA UTARA","PENJARINGAN","PENJARINGAN","Wiraswasta",8603
