tahun,nama_provinsi,nama_kabupaten/kota,nama_kecamatan,nama_kelurahan,kewarganegaraan,jenis_kelamin,jumlah
2015,PROVINSI DKI JAKARTA,KAB.ADM.KEP.SERIBU,KEP. SERIBU UTR,P. PANGGANG,WNI,Laki-laki,3236
2015,PROVINSI DKI JAKARTA,KAB.ADM.KEP.SERIBU,KEP. SERIBU UTR,P. KELAPA,WNI,Laki-laki,3289
2015,PROVINSI DKI JAKARTA,KAB.ADM.KEP.SERIBU,KEP. SERIBU UTR,P. HARAPAN,WNI,Laki-laki,1175
2015,PROVINSI DKI JAKARTA,KAB.ADM.KEP.SERIBU,KEP. SERIBU SLT,P. UNTUNG JAWA,WNI,Laki-laki,1147
2015,PROVINSI DKI JAKARTA,KAB.ADM.KEP.SERIBU,KEP. SERIBU SLT,P. TIDUNG,WNI,Laki-laki,2493
2015,PROVINSI DKI JAKARTA,KAB.ADM.KEP.SERIBU,KEP. SERIBU SLT,P. PARI,WNI,Laki-laki,1482
2015,PROVINSI DKI JAKARTA,JAKARTA PUSAT,GAMBIR,GAMBIR,WNI,Laki-laki,1678
2015,PROVINSI DKI JAKARTA,JAKARTA PUSAT,GAMBIR,CIDENG,WNI,Laki-laki,9472
2015,PROVINSI DKI JAKARTA,JAKARTA PUSAT,GAMBIR,PETOJO UTARA,WNI,Laki-laki,10941
2015,PROVINSI DKI JAKARTA,JAKARTA PUSAT,GAMBIR,PETOJO SELATAN,WNI,Laki-laki,8975
2015,PROVINSI DKI JAKARTA,JAKARTA PUSAT,GAMBIR,KEBON KELAPA,WNI,Laki-laki,6486
2015,PROVINSI DKI JAKARTA,JAKARTA PUSAT,GAMBIR,DURI PULO,WNI,Laki-laki,12686
2015,PROVINSI DKI JAKARTA,JAKARTA PUSAT,SAWAH BESAR,PASAR BARU,WNI,Laki-laki,7793
2015,PROVINSI DKI JAKARTA,JAKARTA PUSAT,SAWAH BESAR,KARANG ANYAR,WNI,Laki-laki,16749
2015,PROVINSI DKI JAKARTA,JAKARTA PUSAT,SAWAH BESAR,KARTINI,WNI,Laki-laki,13963
2015,PROVINSI DKI JAKARTA,JAKARTA PUSAT,SAWAH BESAR,GUNUNG SAHARI UTARA,WNI,Laki-laki,9981
2015,PROVINSI DKI JAKARTA,JAKARTA PUSAT,SAWAH BESAR,MANGGA DUA SELATAN,WNI,Laki-laki,17923
2015,PROVINSI DKI JAKARTA,JAKARTA PUSAT,KEMAYORAN,KEMAYORAN,WNI,Laki-laki,12829
2015,PROVINSI DKI JAKARTA,JAKARTA PUSAT,KEMAYORAN,KEBON KOSONG,WNI,Laki-laki,17246
2015,PROVINSI DKI JAKARTA,JAKARTA PUSAT,KEMAYORAN,HARAPAN MULIA,WNI,Laki-laki,14209
2015,PROVINSI DKI JAKARTA,JAKARTA PUSAT,KEMAYORAN,SERDANG,WNI,Laki-laki,18295
2015,PROVINSI DKI JAKARTA,JAKARTA PUSAT,KEMAYORAN,GUNUNG SAHARI SELATAN,WNI,Laki-laki,12008
2015,PROVINSI DKI JAKARTA,JAKARTA PUSAT,KEMAYORAN,CEMPAKA BARU,WNI,Laki-laki,20044
2015,PROVINSI DKI JAKARTA,JAKARTA PUSAT,KEMAYORAN,SUMUR BATU,WNI,Laki-laki,13817
2015,PROVINSI DKI JAKARTA,JAKARTA PUSAT,KEMAYORAN,UTAN PANJANG,WNI,Laki-laki,18272
2015,PROVINSI DKI JAKARTA,JAKARTA PUSAT,SENEN,SENEN,WNI,Laki-laki,4475
2015,PROVINSI DKI JAKARTA,JAKARTA PUSAT,SENEN,KENARI,WNI,Laki-laki,5546
2015,PROVINSI DKI JAKARTA,JAKARTA PUSAT,SENEN,PASEBAN,WNI,Laki-laki,14214
2015,PROVINSI DKI JAKARTA,JAKARTA PUSAT,SENEN,KRAMAT,WNI,Laki-laki,17661
2015,PROVINSI DKI JAKARTA,JAKARTA PUSAT,SENEN,KWITANG,WNI,Laki-laki,9289
2015,PROVINSI DKI JAKARTA,JAKARTA PUSAT,SENEN,BUNGUR,WNI,Laki-laki,11352
2015,PROVINSI DKI JAKARTA,JAKARTA PUSAT,CEMPAKA PUTIH,CEMPAKA PUTIH TIMUR,WNI,Laki-laki,14190
2015,PROVINSI DKI JAKARTA,JAKARTA PUSAT,CEMPAKA PUTIH,CEMPAKA PUTIH BARAT,WNI,Laki-laki,20719
2015,PROVINSI DKI JAKARTA,JAKARTA PUSAT,CEMPAKA PUTIH,RAWASARI,WNI,Laki-laki,12755
2015,PROVINSI DKI JAKARTA,JAKARTA PUSAT,MENTENG,MENTENG,WNI,Laki-laki,15207
2015,PROVINSI DKI JAKARTA,JAKARTA PUSAT,MENTENG,PEGANGSAAN,WNI,Laki-laki,14040
2015,PROVINSI DKI JAKARTA,JAKARTA PUSAT,MENTENG,CIKINI,WNI,Laki-laki,4948
2015,PROVINSI DKI JAKARTA,JAKARTA PUSAT,MENTENG,GONDANGDIA,WNI,Laki-laki,2335
2015,PROVINSI DKI JAKARTA,JAKARTA PUSAT,MENTENG,KEBON SIRIH,WNI,Laki-laki,8071
2015,PROVINSI DKI JAKARTA,JAKARTA PUSAT,TANAH ABANG,GELORA,WNI,Laki-laki,1851
2015,PROVINSI DKI JAKARTA,JAKARTA PUSAT,TANAH ABANG,BENDUNGAN HILIR,WNI,Laki-laki,12714
2015,PROVINSI DKI JAKARTA,JAKARTA PUSAT,TANAH ABANG,KARET TENGSIN,WNI,Laki-laki,11625
2015,PROVINSI DKI JAKARTA,JAKARTA PUSAT,TANAH ABANG,PETAMBURAN,WNI,Laki-laki,20666
2015,PROVINSI DKI JAKARTA,JAKARTA PUSAT,TANAH ABANG,KEBON MELATI,WNI,Laki-laki,19655
2015,PROVINSI DKI JAKARTA,JAKARTA PUSAT,TANAH ABANG,KEBON KACANG,WNI,Laki-laki,13216
2015,PROVINSI DKI JAKARTA,JAKARTA PUSAT,TANAH ABANG,KAMPUNG BALI,WNI,Laki-laki,7287
2015,PROVINSI DKI JAKARTA,JAKARTA PUSAT,JOHAR BARU,JOHAR BARU,WNI,Laki-laki,22164
2015,PROVINSI DKI JAKARTA,JAKARTA PUSAT,JOHAR BARU,KAMPUNG RAWA,WNI,Laki-laki,13374
2015,PROVINSI DKI JAKARTA,JAKARTA PUSAT,JOHAR BARU,GALUR,WNI,Laki-laki,11402
2015,PROVINSI DKI JAKARTA,JAKARTA PUSAT,JOHAR BARU,TANAH TINGGI,WNI,Laki-laki,23463
2015,PROVINSI DKI JAKARTA,JAKARTA UTARA,PENJARINGAN,PENJARINGAN,WNI,Laki-laki,62469
2015,PROVINSI DKI JAKARTA,JAKARTA UTARA,PENJARINGAN,KAMAL MUARA,WNI,Laki-laki,6585
2015,PROVINSI DKI JAKARTA,JAKARTA UTARA,PENJARINGAN,KAPUK MUARA,WNI,Laki-laki,18645
2015,PROVINSI DKI JAKARTA,JAKARTA UTARA,PENJARINGAN,PEJAGALAN,WNI,Laki-laki,44611
2015,PROVINSI DKI JAKARTA,JAKARTA UTARA,PENJARINGAN,PLUIT,WNI,Laki-laki,24443
2015,PROVINSI DKI JAKARTA,JAKARTA UTARA,TANJUNG PRIOK,TANJUNG PRIOK,WNI,Laki-laki,21143
2015,PROVINSI DKI JAKARTA,JAKARTA UTARA,TANJUNG PRIOK,SUNTER JAYA,WNI,Laki-laki,35884
2015,PROVINSI DKI JAKARTA,JAKARTA UTARA,TANJUNG PRIOK,PAPANGGO,WNI,Laki-laki,23341
2015,PROVINSI DKI JAKARTA,JAKARTA UTARA,TANJUNG PRIOK,SUNGAI BAMBU,WNI,Laki-laki,18313
2015,PROVINSI DKI JAKARTA,JAKARTA UTARA,TANJUNG PRIOK,KEBON BAWANG,WNI,Laki-laki,30930
2015,PROVINSI DKI JAKARTA,JAKARTA UTARA,TANJUNG PRIOK,SUNTER AGUNG,WNI,Laki-laki,40618
2015,PROVINSI DKI JAKARTA,JAKARTA UTARA,TANJUNG PRIOK,WARAKAS,WNI,Laki-laki,26326
2015,PROVINSI DKI JAKARTA,JAKARTA UTARA,KOJA,KOJA,WNI,Laki-laki,18249
2015,PROVINSI DKI JAKARTA,JAKARTA UTARA,KOJA,TUGU UTARA,WNI,Laki-laki,40307
2015,PROVINSI DKI JAKARTA,JAKARTA UTARA,KOJA,LAGOA,WNI,Laki-laki,34836
2015,PROVINSI DKI JAKARTA,JAKARTA UTARA,KOJA,RAWA BADAK UTARA,WNI,Laki-laki,21079
2015,PROVINSI DKI JAKARTA,JAKARTA UTARA,KOJA,TUGU SELATAN,WNI,Laki-laki,24019
2015,PROVINSI DKI JAKARTA,JAKARTA UTARA,KOJA,RAWA BADAK SELATAN,WNI,Laki-laki,24119
2015,PROVINSI DKI JAKARTA,JAKARTA UTARA,CILINCING,CILINCING,WNI,Laki-laki,25768
2015,PROVINSI DKI JAKARTA,JAKARTA UTARA,CILINCING,SUKAPURA,WNI,Laki-laki,32437
2015,PROVINSI DKI JAKARTA,JAKARTA UTARA,CILINCING,MARUNDA,WNI,Laki-laki,15087
2015,PROVINSI DKI JAKARTA,JAKARTA UTARA,CILINCING,KALI BARU,WNI,Laki-laki,42781
2015,PROVINSI DKI JAKARTA,JAKARTA UTARA,CILINCING,SEMPER TIMUR,WNI,Laki-laki,20611
2015,PROVINSI DKI JAKARTA,JAKARTA UTARA,CILINCING,ROROTAN,WNI,Laki-laki,21682
2015,PROVINSI DKI JAKARTA,JAKARTA UTARA,CILINCING,SEMPER BARAT,WNI,Laki-laki,39332
2015,PROVINSI DKI JAKARTA,JAKARTA UTARA,PADEMANGAN,PADEMANGAN TIMUR,WNI,Laki-laki,21323
2015,PROVINSI DKI JAKARTA,JAKARTA UTARA,PADEMANGAN,PADEMANGAN BARAT,WNI,Laki-laki,45698
2015,PROVINSI DKI JAKARTA,JAKARTA UTARA,PADEMANGAN,ANCOL,WNI,Laki-laki,16159
2015,PROVINSI DKI JAKARTA,JAKARTA UTARA,KELAPA GADING,KELAPA GADING TIMUR,WNI,Laki-laki,18427
2015,PROVINSI DKI JAKARTA,JAKARTA UTARA,KELAPA GADING,PEGANGSAAN DUA,WNI,Laki-laki,26765
2015,PROVINSI DKI JAKARTA,JAKARTA UTARA,KELAPA GADING,KELAPA GADING BARAT,WNI,Laki-laki,19736
2015,PROVINSI DKI JAKARTA,JAKARTA BARAT,CENGKARENG,CENGKARENG BARAT,WNI,Laki-laki,37043
2015,PROVINSI DKI JAKARTA,JAKARTA BARAT,CENGKARENG,DURI KOSAMBI,WNI,Laki-laki,42652
2015,PROVINSI DKI JAKARTA,JAKARTA BARAT,CENGKARENG,RAWA BUAYA,WNI,Laki-laki,35013
2015,PROVINSI DKI JAKARTA,JAKARTA BARAT,CENGKARENG,KEDAUNG KALI ANGKE,WNI,Laki-laki,18678
2015,PROVINSI DKI JAKARTA,JAKARTA BARAT,CENGKARENG,KAPUK,WNI,Laki-laki,75835
2015,PROVINSI DKI JAKARTA,JAKARTA BARAT,CENGKARENG,CENGKARENG TIMUR,WNI,Laki-laki,44326
2015,PROVINSI DKI JAKARTA,JAKARTA BARAT,GROGOL PETAMBURAN,GROGOL,WNI,Laki-laki,9984
2015,PROVINSI DKI JAKARTA,JAKARTA BARAT,GROGOL PETAMBURAN,TANJUNG DUREN UTARA,WNI,Laki-laki,9527
2015,PROVINSI DKI JAKARTA,JAKARTA BARAT,GROGOL PETAMBURAN,TOMANG,WNI,Laki-laki,17193
2015,PROVINSI DKI JAKARTA,JAKARTA BARAT,GROGOL PETAMBURAN,JELAMBAR,WNI,Laki-laki,17279
2015,PROVINSI DKI JAKARTA,JAKARTA BARAT,GROGOL PETAMBURAN,TANJUNG DUREN SELATAN,WNI,Laki-laki,14055
2015,PROVINSI DKI JAKARTA,JAKARTA BARAT,GROGOL PETAMBURAN,JELAMBAR BARU,WNI,Laki-laki,22283
2015,PROVINSI DKI JAKARTA,JAKARTA BARAT,GROGOL PETAMBURAN,WIJAYA KUSUMA,WNI,Laki-laki,23035
2015,PROVINSI DKI JAKARTA,JAKARTA BARAT,TAMAN SARI,TAMAN SARI,WNI,Laki-laki,8500
2015,PROVINSI DKI JAKARTA,JAKARTA BARAT,TAMAN SARI,KRUKUT,WNI,Laki-laki,11371
2015,PROVINSI DKI JAKARTA,JAKARTA BARAT,TAMAN SARI,MAPHAR,WNI,Laki-laki,9947
2015,PROVINSI DKI JAKARTA,JAKARTA BARAT,TAMAN SARI,TANGKI,WNI,Laki-laki,7553
2015,PROVINSI DKI JAKARTA,JAKARTA BARAT,TAMAN SARI,MANGGA BESAR,WNI,Laki-laki,4385
2015,PROVINSI DKI JAKARTA,JAKARTA BARAT,TAMAN SARI,KEAGUNGAN,WNI,Laki-laki,10568
2015,PROVINSI DKI JAKARTA,JAKARTA BARAT,TAMAN SARI,GLODOK,WNI,Laki-laki,4224
2015,PROVINSI DKI JAKARTA,JAKARTA BARAT,TAMAN SARI,PINANGSIA,WNI,Laki-laki,6544
2015,PROVINSI DKI JAKARTA,JAKARTA BARAT,TAMBORA,TAMBORA,WNI,Laki-laki,6289
2015,PROVINSI DKI JAKARTA,JAKARTA BARAT,TAMBORA,KALI ANYAR,WNI,Laki-laki,14839
2015,PROVINSI DKI JAKARTA,JAKARTA BARAT,TAMBORA,DURI UTARA,WNI,Laki-laki,12316
2015,PROVINSI DKI JAKARTA,JAKARTA BARAT,TAMBORA,TANAH SEREAL,WNI,Laki-laki,15510
2015,PROVINSI DKI JAKARTA,JAKARTA BARAT,TAMBORA,KERENDANG,WNI,Laki-laki,12228
2015,PROVINSI DKI JAKARTA,JAKARTA BARAT,TAMBORA,JEMBATAN BESI,WNI,Laki-laki,18625
2015,PROVINSI DKI JAKARTA,JAKARTA BARAT,TAMBORA,ANGKE,WNI,Laki-laki,18501
2015,PROVINSI DKI JAKARTA,JAKARTA BARAT,TAMBORA,JEMBATAN LIMA,WNI,Laki-laki,12744
2015,PROVINSI DKI JAKARTA,JAKARTA BARAT,TAMBORA,PEKOJAN,WNI,Laki-laki,13875
2015,PROVINSI DKI JAKARTA,JAKARTA BARAT,TAMBORA,ROA MALAKA,WNI,Laki-laki,2021
2015,PROVINSI DKI JAKARTA,JAKARTA BARAT,TAMBORA,DURI SELATAN,WNI,Laki-laki,8617
2015,PROVINSI DKI JAKARTA,JAKARTA BARAT,KEBON JERUK,KEBON JERUK,WNI,Laki-laki,28789
2015,PROVINSI DKI JAKARTA,JAKARTA BARAT,KEBON JERUK,SUKABUMI UTARA,WNI,Laki-laki,22093
2015,PROVINSI DKI JAKARTA,JAKARTA BARAT,KEBON JERUK,SUKABUMI SELATAN,WNI,Laki-laki,21068
2015,PROVINSI DKI JAKARTA,JAKARTA BARAT,KEBON JERUK,KELAPA DUA,WNI,Laki-laki,13393
2015,PROVINSI DKI JAKARTA,JAKARTA BARAT,KEBON JERUK,DURI KEPA,WNI,Laki-laki,33233
2015,PROVINSI DKI JAKARTA,JAKARTA BARAT,KEBON JERUK,KEDOYA UTARA,WNI,Laki-laki,25441
2015,PROVINSI DKI JAKARTA,JAKARTA BARAT,KEBON JERUK,KEDOYA SELATAN,WNI,Laki-laki,17857
2015,PROVINSI DKI JAKARTA,JAKARTA BARAT,KALI DERES,KALIDERES,WNI,Laki-laki,40229
2015,PROVINSI DKI JAKARTA,JAKARTA BARAT,KALI DERES,SEMANAN,WNI,Laki-laki,40082
2015,PROVINSI DKI JAKARTA,JAKARTA BARAT,KALI DERES,TEGAL ALUR,WNI,Laki-laki,47141
2015,PROVINSI DKI JAKARTA,JAKARTA BARAT,KALI DERES,KAMAL,WNI,Laki-laki,31942
2015,PROVINSI DKI JAKARTA,JAKARTA BARAT,KALI DERES,PEGADUNGAN,WNI,Laki-laki,39695
2015,PROVINSI DKI JAKARTA,JAKARTA BARAT,PALMERAH,PALMERAH,WNI,Laki-laki,36363
2015,PROVINSI DKI JAKARTA,JAKARTA BARAT,PALMERAH,SLIPI,WNI,Laki-laki,9751
2015,PROVINSI DKI JAKARTA,JAKARTA BARAT,PALMERAH,KOTA BAMBU UTARA,WNI,Laki-laki,15150
2015,PROVINSI DKI JAKARTA,JAKARTA BARAT,PALMERAH,JATI PULO,WNI,Laki-laki,17051
2015,PROVINSI DKI JAKARTA,JAKARTA BARAT,PALMERAH,KEMANGGISAN,WNI,Laki-laki,18965
2015,PROVINSI DKI JAKARTA,JAKARTA BARAT,PALMERAH,KOTA BAMBU SELATAN,WNI,Laki-laki,12837
2015,PROVINSI DKI JAKARTA,JAKARTA BARAT,KEMBANGAN,KEMBANGAN UTARA,WNI,Laki-laki,30718
2015,PROVINSI DKI JAKARTA,JAKARTA BARAT,KEMBANGAN,MERUYA UTARA,WNI,Laki-laki,23320
2015,PROVINSI DKI JAKARTA,JAKARTA BARAT,KEMBANGAN,MERUYA SELATAN,WNI,Laki-laki,18041
2015,PROVINSI DKI JAKARTA,JAKARTA BARAT,KEMBANGAN,SRENGSENG,WNI,Laki-laki,24119
2015,PROVINSI DKI JAKARTA,JAKARTA BARAT,KEMBANGAN,JOGLO,WNI,Laki-laki,22224
2015,PROVINSI DKI JAKARTA,JAKARTA BARAT,KEMBANGAN,KEMBANGAN SELATAN,WNI,Laki-laki,14504
2015,PROVINSI DKI JAKARTA,JAKARTA SELATAN,TEBET,TEBET TIMUR,WNI,Laki-laki,9980
2015,PROVINSI DKI JAKARTA,JAKARTA SELATAN,TEBET,TEBET BARAT,WNI,Laki-laki,11989
2015,PROVINSI DKI JAKARTA,JAKARTA SELATAN,TEBET,MENTENG DALAM,WNI,Laki-laki,21408
2015,PROVINSI DKI JAKARTA,JAKARTA SELATAN,TEBET,KEBON BARU,WNI,Laki-laki,20677
2015,PROVINSI DKI JAKARTA,JAKARTA SELATAN,TEBET,BUKIT DURI,WNI,Laki-laki,21193
2015,PROVINSI DKI JAKARTA,JAKARTA SELATAN,TEBET,MANGGARAI SELATAN,WNI,Laki-laki,13554
2015,PROVINSI DKI JAKARTA,JAKARTA SELATAN,TEBET,MANGGARAI,WNI,Laki-laki,17140
2015,PROVINSI DKI JAKARTA,JAKARTA SELATAN,SETIA BUDI,SETIA BUDI,WNI,Laki-laki,1760
2015,PROVINSI DKI JAKARTA,JAKARTA SELATAN,SETIA BUDI,KARET SEMANGGI,WNI,Laki-laki,1466
2015,PROVINSI DKI JAKARTA,JAKARTA SELATAN,SETIA BUDI,KARET KUNINGAN,WNI,Laki-laki,9149
2015,PROVINSI DKI JAKARTA,JAKARTA SELATAN,SETIA BUDI,KARET,WNI,Laki-laki,5942
2015,PROVINSI DKI JAKARTA,JAKARTA SELATAN,SETIA BUDI,MENTENG ATAS,WNI,Laki-laki,16105
2015,PROVINSI DKI JAKARTA,JAKARTA SELATAN,SETIA BUDI,PASAR MANGGIS,WNI,Laki-laki,15659
2015,PROVINSI DKI JAKARTA,JAKARTA SELATAN,SETIA BUDI,GUNTUR,WNI,Laki-laki,2210
2015,PROVINSI DKI JAKARTA,JAKARTA SELATAN,SETIA BUDI,KUNINGAN TIMUR,WNI,Laki-laki,3571
2015,PROVINSI DKI JAKARTA,JAKARTA SELATAN,MAMPANG PRAPATAN,MAMPANG PRAPATAN,WNI,Laki-laki,10953
2015,PROVINSI DKI JAKARTA,JAKARTA SELATAN,MAMPANG PRAPATAN,BANGKA,WNI,Laki-laki,12639
2015,PROVINSI DKI JAKARTA,JAKARTA SELATAN,MAMPANG PRAPATAN,PELA MAMPANG,WNI,Laki-laki,26035
2015,PROVINSI DKI JAKARTA,JAKARTA SELATAN,MAMPANG PRAPATAN,TEGAL PARANG,WNI,Laki-laki,19162
2015,PROVINSI DKI JAKARTA,JAKARTA SELATAN,MAMPANG PRAPATAN,KUNINGAN BARAT,WNI,Laki-laki,7833
2015,PROVINSI DKI JAKARTA,JAKARTA SELATAN,PASAR MINGGU,PASAR MINGGU,WNI,Laki-laki,14423
2015,PROVINSI DKI JAKARTA,JAKARTA SELATAN,PASAR MINGGU,JATI PADANG,WNI,Laki-laki,21119
2015,PROVINSI DKI JAKARTA,JAKARTA SELATAN,PASAR MINGGU,CILANDAK TIMUR,WNI,Laki-laki,14686
2015,PROVINSI DKI JAKARTA,JAKARTA SELATAN,PASAR MINGGU,RAGUNAN,WNI,Laki-laki,22620
2015,PROVINSI DKI JAKARTA,JAKARTA SELATAN,PASAR MINGGU,PEJATEN TIMUR,WNI,Laki-laki,33350
2015,PROVINSI DKI JAKARTA,JAKARTA SELATAN,PASAR MINGGU,PEJATEN BARAT,WNI,Laki-laki,21140
2015,PROVINSI DKI JAKARTA,JAKARTA SELATAN,PASAR MINGGU,KEBAGUSAN,WNI,Laki-laki,24899
2015,PROVINSI DKI JAKARTA,JAKARTA SELATAN,KEBAYORAN LAMA,KEBAYORAN LAMA UTARA,WNI,Laki-laki,24604
2015,PROVINSI DKI JAKARTA,JAKARTA SELATAN,KEBAYORAN LAMA,PONDOK PINANG,WNI,Laki-laki,31132
2015,PROVINSI DKI JAKARTA,JAKARTA SELATAN,KEBAYORAN LAMA,CIPULIR,WNI,Laki-laki,22436
2015,PROVINSI DKI JAKARTA,JAKARTA SELATAN,KEBAYORAN LAMA,GROGOL UTARA,WNI,Laki-laki,24826
2015,PROVINSI DKI JAKARTA,JAKARTA SELATAN,KEBAYORAN LAMA,GROGOL SELATAN,WNI,Laki-laki,25267
2015,PROVINSI DKI JAKARTA,JAKARTA SELATAN,KEBAYORAN LAMA,KEBAYORAN LAMA SELATAN,WNI,Laki-laki,22940
2015,PROVINSI DKI JAKARTA,JAKARTA SELATAN,CILANDAK,CILANDAK BARAT,WNI,Laki-laki,29037
2015,PROVINSI DKI JAKARTA,JAKARTA SELATAN,CILANDAK,LEBAK BULUS,WNI,Laki-laki,20274
2015,PROVINSI DKI JAKARTA,JAKARTA SELATAN,CILANDAK,PONDOK LABU,WNI,Laki-laki,25054
2015,PROVINSI DKI JAKARTA,JAKARTA SELATAN,CILANDAK,GANDARIA SELATAN,WNI,Laki-laki,12474
2015,PROVINSI DKI JAKARTA,JAKARTA SELATAN,CILANDAK,CIPETE SELATAN,WNI,Laki-laki,15413
2015,PROVINSI DKI JAKARTA,JAKARTA SELATAN,KEBAYORAN BARU,MELAWAI,WNI,Laki-laki,1542
2015,PROVINSI DKI JAKARTA,JAKARTA SELATAN,KEBAYORAN BARU,GUNUNG,WNI,Laki-laki,5319
2015,PROVINSI DKI JAKARTA,JAKARTA SELATAN,KEBAYORAN BARU,KRAMAT PELA,WNI,Laki-laki,8316
2015,PROVINSI DKI JAKARTA,JAKARTA SELATAN,KEBAYORAN BARU,SELONG,WNI,Laki-laki,1779
2015,PROVINSI DKI JAKARTA,JAKARTA SELATAN,KEBAYORAN BARU,RAWA BARAT,WNI,Laki-laki,3209
2015,PROVINSI DKI JAKARTA,JAKARTA SELATAN,KEBAYORAN BARU,SENAYAN,WNI,Laki-laki,1970
2015,PROVINSI DKI JAKARTA,JAKARTA SELATAN,KEBAYORAN BARU,PULO,WNI,Laki-laki,3258
2015,PROVINSI DKI JAKARTA,JAKARTA SELATAN,KEBAYORAN BARU,PETOGOGAN,WNI,Laki-laki,6980
2015,PROVINSI DKI JAKARTA,JAKARTA SELATAN,KEBAYORAN BARU,GANDARIA UTARA,WNI,Laki-laki,22870
2015,PROVINSI DKI JAKARTA,JAKARTA SELATAN,KEBAYORAN BARU,CIPETE UTARA,WNI,Laki-laki,19658
2015,PROVINSI DKI JAKARTA,JAKARTA SELATAN,PANCORAN,PANCORAN,WNI,Laki-laki,11003
2015,PROVINSI DKI JAKARTA,JAKARTA SELATAN,PANCORAN,KALIBATA,WNI,Laki-laki,23940
2015,PROVINSI DKI JAKARTA,JAKARTA SELATAN,PANCORAN,RAWA JATI,WNI,Laki-laki,10674
2015,PROVINSI DKI JAKARTA,JAKARTA SELATAN,PANCORAN,DUREN TIGA,WNI,Laki-laki,16480
2015,PROVINSI DKI JAKARTA,JAKARTA SELATAN,PANCORAN,PENGADEGAN,WNI,Laki-laki,11802
2015,PROVINSI DKI JAKARTA,JAKARTA SELATAN,PANCORAN,CIKOKO,WNI,Laki-laki,6493
2015,PROVINSI DKI JAKARTA,JAKARTA SELATAN,JAGAKARSA,JAGAKARSA,WNI,Laki-laki,33498
2015,PROVINSI DKI JAKARTA,JAKARTA SELATAN,JAGAKARSA,SRENGSENG SAWAH,WNI,Laki-laki,32025
2015,PROVINSI DKI JAKARTA,JAKARTA SELATAN,JAGAKARSA,CIGANJUR,WNI,Laki-laki,20108
2015,PROVINSI DKI JAKARTA,JAKARTA SELATAN,JAGAKARSA,LENTENG AGUNG,WNI,Laki-laki,29786
2015,PROVINSI DKI JAKARTA,JAKARTA SELATAN,JAGAKARSA,TANJUNG BARAT,WNI,Laki-laki,21890
2015,PROVINSI DKI JAKARTA,JAKARTA SELATAN,JAGAKARSA,CIPEDAK,WNI,Laki-laki,19744
2015,PROVINSI DKI JAKARTA,JAKARTA SELATAN,PESANGGRAHAN,PESANGGRAHAN,WNI,Laki-laki,15455
2015,PROVINSI DKI JAKARTA,JAKARTA SELATAN,PESANGGRAHAN,BINTARO,WNI,Laki-laki,29027
2015,PROVINSI DKI JAKARTA,JAKARTA SELATAN,PESANGGRAHAN,PETUKANGAN UTARA,WNI,Laki-laki,29670
2015,PROVINSI DKI JAKARTA,JAKARTA SELATAN,PESANGGRAHAN,PETUKANGAN SELATAN,WNI,Laki-laki,20088
2015,PROVINSI DKI JAKARTA,JAKARTA SELATAN,PESANGGRAHAN,ULUJAMI,WNI,Laki-laki,23175
2015,PROVINSI DKI JAKARTA,JAKARTA TIMUR,MATRAMAN,PISANGAN BARU,WNI,Laki-laki,18714
2015,PROVINSI DKI JAKARTA,JAKARTA TIMUR,MATRAMAN,UTAN KAYU UTARA,WNI,Laki-laki,16783
2015,PROVINSI DKI JAKARTA,JAKARTA TIMUR,MATRAMAN,KAYU MANIS,WNI,Laki-laki,15119
2015,PROVINSI DKI JAKARTA,JAKARTA TIMUR,MATRAMAN,PAL MERIAM,WNI,Laki-laki,11814
2015,PROVINSI DKI JAKARTA,JAKARTA TIMUR,MATRAMAN,KEBON MANGGIS,WNI,Laki-laki,9936
2015,PROVINSI DKI JAKARTA,JAKARTA TIMUR,MATRAMAN,UTAN KAYU SELATAN,WNI,Laki-laki,19551
2015,PROVINSI DKI JAKARTA,JAKARTA TIMUR,PULO GADUNG,PULO GADUNG,WNI,Laki-laki,19746
2015,PROVINSI DKI JAKARTA,JAKARTA TIMUR,PULO GADUNG,PISANGAN TIMUR,WNI,Laki-laki,24299
2015,PROVINSI DKI JAKARTA,JAKARTA TIMUR,PULO GADUNG,CIPINANG,WNI,Laki-laki,23344
2015,PROVINSI DKI JAKARTA,JAKARTA TIMUR,PULO GADUNG,JATINEGARA KAUM,WNI,Laki-laki,14214
2015,PROVINSI DKI JAKARTA,JAKARTA TIMUR,PULO GADUNG,RAWAMANGUN,WNI,Laki-laki,21813
2015,PROVINSI DKI JAKARTA,JAKARTA TIMUR,PULO GADUNG,KAYU PUTIH,WNI,Laki-laki,23394
2015,PROVINSI DKI JAKARTA,JAKARTA TIMUR,PULO GADUNG,JATI,WNI,Laki-laki,19008
2015,PROVINSI DKI JAKARTA,JAKARTA TIMUR,JATINEGARA,KAMPUNG MELAYU,WNI,Laki-laki,15812
2015,PROVINSI DKI JAKARTA,JAKARTA TIMUR,JATINEGARA,BIDARA CINA,WNI,Laki-laki,22382
2015,PROVINSI DKI JAKARTA,JAKARTA TIMUR,JATINEGARA,BALI MESTER,WNI,Laki-laki,5631
2015,PROVINSI DKI JAKARTA,JAKARTA TIMUR,JATINEGARA,RAWA BUNGA,WNI,Laki-laki,12873
2015,PROVINSI DKI JAKARTA,JAKARTA TIMUR,JATINEGARA,CIPINANG CEMPEDAK,WNI,Laki-laki,19154
2015,PROVINSI DKI JAKARTA,JAKARTA TIMUR,JATINEGARA,CIPINANG MUARA,WNI,Laki-laki,32717
2015,PROVINSI DKI JAKARTA,JAKARTA TIMUR,JATINEGARA,CIPINANG BESAR SELATAN,WNI,Laki-laki,20385
2015,PROVINSI DKI JAKARTA,JAKARTA TIMUR,JATINEGARA,CIPINANG BESAR UTARA,WNI,Laki-laki,29365
2015,PROVINSI DKI JAKARTA,JAKARTA TIMUR,KRAMAT JATI,KRAMAT JATI,WNI,Laki-laki,20361
2015,PROVINSI DKI JAKARTA,JAKARTA TIMUR,KRAMAT JATI,KAMPUNG TENGAH,WNI,Laki-laki,25429
2015,PROVINSI DKI JAKARTA,JAKARTA TIMUR,KRAMAT JATI,DUKUH,WNI,Laki-laki,14023
2015,PROVINSI DKI JAKARTA,JAKARTA TIMUR,KRAMAT JATI,BATU AMPAR,WNI,Laki-laki,26624
2015,PROVINSI DKI JAKARTA,JAKARTA TIMUR,KRAMAT JATI,BALE KAMBANG,WNI,Laki-laki,16091
2015,PROVINSI DKI JAKARTA,JAKARTA TIMUR,KRAMAT JATI,CILILITAN,WNI,Laki-laki,24041
2015,PROVINSI DKI JAKARTA,JAKARTA TIMUR,KRAMAT JATI,CAWANG,WNI,Laki-laki,20134
2015,PROVINSI DKI JAKARTA,JAKARTA TIMUR,PASAR REBO,GEDONG,WNI,Laki-laki,20263
2015,PROVINSI DKI JAKARTA,JAKARTA TIMUR,PASAR REBO,BARU,WNI,Laki-laki,14108
2015,PROVINSI DKI JAKARTA,JAKARTA TIMUR,PASAR REBO,CIJANTUNG,WNI,Laki-laki,22962
2015,PROVINSI DKI JAKARTA,JAKARTA TIMUR,PASAR REBO,KALISARI,WNI,Laki-laki,23588
2015,PROVINSI DKI JAKARTA,JAKARTA TIMUR,PASAR REBO,PEKAYON,WNI,Laki-laki,24260
2015,PROVINSI DKI JAKARTA,JAKARTA TIMUR,CAKUNG,JATINEGARA,WNI,Laki-laki,50606
2015,PROVINSI DKI JAKARTA,JAKARTA TIMUR,CAKUNG,RAWA TERATE,WNI,Laki-laki,16304
2015,PROVINSI DKI JAKARTA,JAKARTA TIMUR,CAKUNG,PENGGILINGAN,WNI,Laki-laki,54815
2015,PROVINSI DKI JAKARTA,JAKARTA TIMUR,CAKUNG,CAKUNG TIMUR,WNI,Laki-laki,33428
2015,PROVINSI DKI JAKARTA,JAKARTA TIMUR,CAKUNG,PULO GEBANG,WNI,Laki-laki,51548
2015,PROVINSI DKI JAKARTA,JAKARTA TIMUR,CAKUNG,UJUNG MENTENG,WNI,Laki-laki,16749
2015,PROVINSI DKI JAKARTA,JAKARTA TIMUR,CAKUNG,CAKUNG BARAT,WNI,Laki-laki,34153
2015,PROVINSI DKI JAKARTA,JAKARTA TIMUR,DUREN SAWIT,DUREN SAWIT,WNI,Laki-laki,34186
2015,PROVINSI DKI JAKARTA,JAKARTA TIMUR,DUREN SAWIT,PONDOK BAMBU,WNI,Laki-laki,35599
2015,PROVINSI DKI JAKARTA,JAKARTA TIMUR,DUREN SAWIT,KLENDER,WNI,Laki-laki,41639
2015,PROVINSI DKI JAKARTA,JAKARTA TIMUR,DUREN SAWIT,PONDOK KELAPA,WNI,Laki-laki,38977
2015,PROVINSI DKI JAKARTA,JAKARTA TIMUR,DUREN SAWIT,MALAKA SARI,WNI,Laki-laki,16174
2015,PROVINSI DKI JAKARTA,JAKARTA TIMUR,DUREN SAWIT,MALAKA JAYA,WNI,Laki-laki,17865
2015,PROVINSI DKI JAKARTA,JAKARTA TIMUR,DUREN SAWIT,PONDOK KOPI,WNI,Laki-laki,19887
2015,PROVINSI DKI JAKARTA,JAKARTA TIMUR,MAKASAR,MAKASAR,WNI,Laki-laki,20109
2015,PROVINSI DKI JAKARTA,JAKARTA TIMUR,MAKASAR,PINANG RANTI,WNI,Laki-laki,14902
2015,PROVINSI DKI JAKARTA,JAKARTA TIMUR,MAKASAR,KEBON PALA,WNI,Laki-laki,27342
2015,PROVINSI DKI JAKARTA,JAKARTA TIMUR,MAKASAR,HALIM PERDANA KUSUMAH,WNI,Laki-laki,17488
2015,PROVINSI DKI JAKARTA,JAKARTA TIMUR,MAKASAR,CIPINANG MELAYU,WNI,Laki-laki,24687
2015,PROVINSI DKI JAKARTA,JAKARTA TIMUR,CIRACAS,CIRACAS,WNI,Laki-laki,36758
2015,PROVINSI DKI JAKARTA,JAKARTA TIMUR,CIRACAS,CIBUBUR,WNI,Laki-laki,36680
2015,PROVINSI DKI JAKARTA,JAKARTA TIMUR,CIRACAS,KELAPA DUA WETAN,WNI,Laki-laki,24840
2015,PROVINSI DKI JAKARTA,JAKARTA TIMUR,CIRACAS,SUSUKAN,WNI,Laki-laki,22263
2015,PROVINSI DKI JAKARTA,JAKARTA TIMUR,CIRACAS,RAMBUTAN,WNI,Laki-laki,21073
2015,PROVINSI DKI JAKARTA,JAKARTA TIMUR,CIPAYUNG,CIPAYUNG,WNI,Laki-laki,13954
2015,PROVINSI DKI JAKARTA,JAKARTA TIMUR,CIPAYUNG,CILANGKAP,WNI,Laki-laki,14581
2015,PROVINSI DKI JAKARTA,JAKARTA TIMUR,CIPAYUNG,PONDOK RANGGON,WNI,Laki-laki,13400
2015,PROVINSI DKI JAKARTA,JAKARTA TIMUR,CIPAYUNG,MUNJUL,WNI,Laki-laki,13015
2015,PROVINSI DKI JAKARTA,JAKARTA TIMUR,CIPAYUNG,SETU,WNI,Laki-laki,10698
2015,PROVINSI DKI JAKARTA,JAKARTA TIMUR,CIPAYUNG,BAMBU APUS,WNI,Laki-laki,14100
2015,PROVINSI DKI JAKARTA,JAKARTA TIMUR,CIPAYUNG,LUBANG BUAYA,WNI,Laki-laki,35330
2015,PROVINSI DKI JAKARTA,JAKARTA TIMUR,CIPAYUNG,CEGER,WNI,Laki-laki,10395
2015,PROVINSI DKI JAKARTA,KAB.ADM.KEP.SERIBU,KEP. SERIBU UTR,P. PANGGANG,WNI ,Perempuan,3147
2015,PROVINSI DKI JAKARTA,KAB.ADM.KEP.SERIBU,KEP. SERIBU UTR,P. KELAPA,WNI ,Perempuan,3276
2015,PROVINSI DKI JAKARTA,KAB.ADM.KEP.SERIBU,KEP. SERIBU UTR,P. HARAPAN,WNI ,Perempuan,1180
2015,PROVINSI DKI JAKARTA,KAB.ADM.KEP.SERIBU,KEP. SERIBU SLT,P. UNTUNG JAWA,WNI ,Perempuan,1107
2015,PROVINSI DKI JAKARTA,KAB.ADM.KEP.SERIBU,KEP. SERIBU SLT,P. TIDUNG,WNI ,Perempuan,2547
2015,PROVINSI DKI JAKARTA,KAB.ADM.KEP.SERIBU,KEP. SERIBU SLT,P. PARI,WNI ,Perempuan,1456
2015,PROVINSI DKI JAKARTA,JAKARTA PUSAT,GAMBIR,GAMBIR,WNI ,Perempuan,1602
2015,PROVINSI DKI JAKARTA,JAKARTA PUSAT,GAMBIR,CIDENG,WNI ,Perempuan,9614
2015,PROVINSI DKI JAKARTA,JAKARTA PUSAT,GAMBIR,PETOJO UTARA,WNI ,Perempuan,10637
2015,PROVINSI DKI JAKARTA,JAKARTA PUSAT,GAMBIR,PETOJO SELATAN,WNI ,Perempuan,8502
2015,PROVINSI DKI JAKARTA,JAKARTA PUSAT,GAMBIR,KEBON KELAPA,WNI ,Perempuan,6337
2015,PROVINSI DKI JAKARTA,JAKARTA PUSAT,GAMBIR,DURI PULO,WNI ,Perempuan,12202
2015,PROVINSI DKI JAKARTA,JAKARTA PUSAT,SAWAH BESAR,PASAR BARU,WNI ,Perempuan,7849
2015,PROVINSI DKI JAKARTA,JAKARTA PUSAT,SAWAH BESAR,KARANG ANYAR,WNI ,Perempuan,16260
2015,PROVINSI DKI JAKARTA,JAKARTA PUSAT,SAWAH BESAR,KARTINI,WNI ,Perempuan,14144
2015,PROVINSI DKI JAKARTA,JAKARTA PUSAT,SAWAH BESAR,GUNUNG SAHARI UTARA,WNI ,Perempuan,10149
2015,PROVINSI DKI JAKARTA,JAKARTA PUSAT,SAWAH BESAR,MANGGA DUA SELATAN,WNI ,Perempuan,16971
2015,PROVINSI DKI JAKARTA,JAKARTA PUSAT,KEMAYORAN,KEMAYORAN,WNI ,Perempuan,12512
2015,PROVINSI DKI JAKARTA,JAKARTA PUSAT,KEMAYORAN,KEBON KOSONG,WNI ,Perempuan,17161
2015,PROVINSI DKI JAKARTA,JAKARTA PUSAT,KEMAYORAN,HARAPAN MULIA,WNI ,Perempuan,13778
2015,PROVINSI DKI JAKARTA,JAKARTA PUSAT,KEMAYORAN,SERDANG,WNI ,Perempuan,17992
2015,PROVINSI DKI JAKARTA,JAKARTA PUSAT,KEMAYORAN,GUNUNG SAHARI SELATAN,WNI ,Perempuan,11818
2015,PROVINSI DKI JAKARTA,JAKARTA PUSAT,KEMAYORAN,CEMPAKA BARU,WNI ,Perempuan,19707
2015,PROVINSI DKI JAKARTA,JAKARTA PUSAT,KEMAYORAN,SUMUR BATU,WNI ,Perempuan,13705
2015,PROVINSI DKI JAKARTA,JAKARTA PUSAT,KEMAYORAN,UTAN PANJANG,WNI ,Perempuan,17451
2015,PROVINSI DKI JAKARTA,JAKARTA PUSAT,SENEN,SENEN,WNI ,Perempuan,4188
2015,PROVINSI DKI JAKARTA,JAKARTA PUSAT,SENEN,KENARI,WNI ,Perempuan,5338
2015,PROVINSI DKI JAKARTA,JAKARTA PUSAT,SENEN,PASEBAN,WNI ,Perempuan,13915
2015,PROVINSI DKI JAKARTA,JAKARTA PUSAT,SENEN,KRAMAT,WNI ,Perempuan,16795
2015,PROVINSI DKI JAKARTA,JAKARTA PUSAT,SENEN,KWITANG,WNI ,Perempuan,9338
2015,PROVINSI DKI JAKARTA,JAKARTA PUSAT,SENEN,BUNGUR,WNI ,Perempuan,11051
2015,PROVINSI DKI JAKARTA,JAKARTA PUSAT,CEMPAKA PUTIH,CEMPAKA PUTIH TIMUR,WNI ,Perempuan,14151
2015,PROVINSI DKI JAKARTA,JAKARTA PUSAT,CEMPAKA PUTIH,CEMPAKA PUTIH BARAT,WNI ,Perempuan,20533
2015,PROVINSI DKI JAKARTA,JAKARTA PUSAT,CEMPAKA PUTIH,RAWASARI,WNI ,Perempuan,12756
2015,PROVINSI DKI JAKARTA,JAKARTA PUSAT,MENTENG,MENTENG,WNI ,Perempuan,15212
2015,PROVINSI DKI JAKARTA,JAKARTA PUSAT,MENTENG,PEGANGSAAN,WNI ,Perempuan,13795
2015,PROVINSI DKI JAKARTA,JAKARTA PUSAT,MENTENG,CIKINI,WNI ,Perempuan,4947
2015,PROVINSI DKI JAKARTA,JAKARTA PUSAT,MENTENG,GONDANGDIA,WNI ,Perempuan,2563
2015,PROVINSI DKI JAKARTA,JAKARTA PUSAT,MENTENG,KEBON SIRIH,WNI ,Perempuan,7550
2015,PROVINSI DKI JAKARTA,JAKARTA PUSAT,TANAH ABANG,GELORA,WNI ,Perempuan,1897
2015,PROVINSI DKI JAKARTA,JAKARTA PUSAT,TANAH ABANG,BENDUNGAN HILIR,WNI ,Perempuan,12770
2015,PROVINSI DKI JAKARTA,JAKARTA PUSAT,TANAH ABANG,KARET TENGSIN,WNI ,Perempuan,11060
2015,PROVINSI DKI JAKARTA,JAKARTA PUSAT,TANAH ABANG,PETAMBURAN,WNI ,Perempuan,19530
2015,PROVINSI DKI JAKARTA,JAKARTA PUSAT,TANAH ABANG,KEBON MELATI,WNI ,Perempuan,18748
2015,PROVINSI DKI JAKARTA,JAKARTA PUSAT,TANAH ABANG,KEBON KACANG,WNI ,Perempuan,12741
2015,PROVINSI DKI JAKARTA,JAKARTA PUSAT,TANAH ABANG,KAMPUNG BALI,WNI ,Perempuan,7149
2015,PROVINSI DKI JAKARTA,JAKARTA PUSAT,JOHAR BARU,JOHAR BARU,WNI ,Perempuan,22135
2015,PROVINSI DKI JAKARTA,JAKARTA PUSAT,JOHAR BARU,KAMPUNG RAWA,WNI ,Perempuan,12759
2015,PROVINSI DKI JAKARTA,JAKARTA PUSAT,JOHAR BARU,GALUR,WNI ,Perempuan,10612
2015,PROVINSI DKI JAKARTA,JAKARTA PUSAT,JOHAR BARU,TANAH TINGGI,WNI ,Perempuan,22242
2015,PROVINSI DKI JAKARTA,JAKARTA UTARA,PENJARINGAN,PENJARINGAN,WNI ,Perempuan,55511
2015,PROVINSI DKI JAKARTA,JAKARTA UTARA,PENJARINGAN,KAMAL MUARA,WNI ,Perempuan,6339
2015,PROVINSI DKI JAKARTA,JAKARTA UTARA,PENJARINGAN,KAPUK MUARA,WNI ,Perempuan,17903
2015,PROVINSI DKI JAKARTA,JAKARTA UTARA,PENJARINGAN,PEJAGALAN,WNI ,Perempuan,43613
2015,PROVINSI DKI JAKARTA,JAKARTA UTARA,PENJARINGAN,PLUIT,WNI ,Perempuan,24822
2015,PROVINSI DKI JAKARTA,JAKARTA UTARA,TANJUNG PRIOK,TANJUNG PRIOK,WNI ,Perempuan,20590
2015,PROVINSI DKI JAKARTA,JAKARTA UTARA,TANJUNG PRIOK,SUNTER JAYA,WNI ,Perempuan,34772
2015,PROVINSI DKI JAKARTA,JAKARTA UTARA,TANJUNG PRIOK,PAPANGGO,WNI ,Perempuan,22522
2015,PROVINSI DKI JAKARTA,JAKARTA UTARA,TANJUNG PRIOK,SUNGAI BAMBU,WNI ,Perempuan,17289
2015,PROVINSI DKI JAKARTA,JAKARTA UTARA,TANJUNG PRIOK,KEBON BAWANG,WNI ,Perempuan,29453
2015,PROVINSI DKI JAKARTA,JAKARTA UTARA,TANJUNG PRIOK,SUNTER AGUNG,WNI ,Perempuan,40418
2015,PROVINSI DKI JAKARTA,JAKARTA UTARA,TANJUNG PRIOK,WARAKAS,WNI ,Perempuan,25651
2015,PROVINSI DKI JAKARTA,JAKARTA UTARA,KOJA,KOJA,WNI ,Perempuan,16575
2015,PROVINSI DKI JAKARTA,JAKARTA UTARA,KOJA,TUGU UTARA,WNI ,Perempuan,39365
2015,PROVINSI DKI JAKARTA,JAKARTA UTARA,KOJA,LAGOA,WNI ,Perempuan,34088
2015,PROVINSI DKI JAKARTA,JAKARTA UTARA,KOJA,RAWA BADAK UTARA,WNI ,Perempuan,19992
2015,PROVINSI DKI JAKARTA,JAKARTA UTARA,KOJA,TUGU SELATAN,WNI ,Perempuan,22681
2015,PROVINSI DKI JAKARTA,JAKARTA UTARA,KOJA,RAWA BADAK SELATAN,WNI ,Perempuan,23569
2015,PROVINSI DKI JAKARTA,JAKARTA UTARA,CILINCING,CILINCING,WNI ,Perempuan,25031
2015,PROVINSI DKI JAKARTA,JAKARTA UTARA,CILINCING,SUKAPURA,WNI ,Perempuan,32542
2015,PROVINSI DKI JAKARTA,JAKARTA UTARA,CILINCING,MARUNDA,WNI ,Perempuan,14378
2015,PROVINSI DKI JAKARTA,JAKARTA UTARA,CILINCING,KALI BARU,WNI ,Perempuan,40813
2015,PROVINSI DKI JAKARTA,JAKARTA UTARA,CILINCING,SEMPER TIMUR,WNI ,Perempuan,20273
2015,PROVINSI DKI JAKARTA,JAKARTA UTARA,CILINCING,ROROTAN,WNI ,Perempuan,21240
2015,PROVINSI DKI JAKARTA,JAKARTA UTARA,CILINCING,SEMPER BARAT,WNI ,Perempuan,38859
2015,PROVINSI DKI JAKARTA,JAKARTA UTARA,PADEMANGAN,PADEMANGAN TIMUR,WNI ,Perempuan,21203
2015,PROVINSI DKI JAKARTA,JAKARTA UTARA,PADEMANGAN,PADEMANGAN BARAT,WNI ,Perempuan,43025
2015,PROVINSI DKI JAKARTA,JAKARTA UTARA,PADEMANGAN,ANCOL,WNI ,Perempuan,14449
2015,PROVINSI DKI JAKARTA,JAKARTA UTARA,KELAPA GADING,KELAPA GADING TIMUR,WNI ,Perempuan,19462
2015,PROVINSI DKI JAKARTA,JAKARTA UTARA,KELAPA GADING,PEGANGSAAN DUA,WNI ,Perempuan,27057
2015,PROVINSI DKI JAKARTA,JAKARTA UTARA,KELAPA GADING,KELAPA GADING BARAT,WNI ,Perempuan,20083
2015,PROVINSI DKI JAKARTA,JAKARTA BARAT,CENGKARENG,CENGKARENG BARAT,WNI ,Perempuan,35932
2015,PROVINSI DKI JAKARTA,JAKARTA BARAT,CENGKARENG,DURI KOSAMBI,WNI ,Perempuan,41792
2015,PROVINSI DKI JAKARTA,JAKARTA BARAT,CENGKARENG,RAWA BUAYA,WNI ,Perempuan,33559
2015,PROVINSI DKI JAKARTA,JAKARTA BARAT,CENGKARENG,KEDAUNG KALI ANGKE,WNI ,Perempuan,17566
2015,PROVINSI DKI JAKARTA,JAKARTA BARAT,CENGKARENG,KAPUK,WNI ,Perempuan,72356
2015,PROVINSI DKI JAKARTA,JAKARTA BARAT,CENGKARENG,CENGKARENG TIMUR,WNI ,Perempuan,43342
2015,PROVINSI DKI JAKARTA,JAKARTA BARAT,GROGOL PETAMBURAN,GROGOL,WNI ,Perempuan,9702
2015,PROVINSI DKI JAKARTA,JAKARTA BARAT,GROGOL PETAMBURAN,TANJUNG DUREN UTARA,WNI ,Perempuan,9911
2015,PROVINSI DKI JAKARTA,JAKARTA BARAT,GROGOL PETAMBURAN,TOMANG,WNI ,Perempuan,16914
2015,PROVINSI DKI JAKARTA,JAKARTA BARAT,GROGOL PETAMBURAN,JELAMBAR,WNI ,Perempuan,17329
2015,PROVINSI DKI JAKARTA,JAKARTA BARAT,GROGOL PETAMBURAN,TANJUNG DUREN SELATAN,WNI ,Perempuan,14052
2015,PROVINSI DKI JAKARTA,JAKARTA BARAT,GROGOL PETAMBURAN,JELAMBAR BARU,WNI ,Perempuan,21951
2015,PROVINSI DKI JAKARTA,JAKARTA BARAT,GROGOL PETAMBURAN,WIJAYA KUSUMA,WNI ,Perempuan,21748
2015,PROVINSI DKI JAKARTA,JAKARTA BARAT,TAMAN SARI,TAMAN SARI,WNI ,Perempuan,8606
2015,PROVINSI DKI JAKARTA,JAKARTA BARAT,TAMAN SARI,KRUKUT,WNI ,Perempuan,11118
2015,PROVINSI DKI JAKARTA,JAKARTA BARAT,TAMAN SARI,MAPHAR,WNI ,Perempuan,9784
2015,PROVINSI DKI JAKARTA,JAKARTA BARAT,TAMAN SARI,TANGKI,WNI ,Perempuan,7727
2015,PROVINSI DKI JAKARTA,JAKARTA BARAT,TAMAN SARI,MANGGA BESAR,WNI ,Perempuan,4551
2015,PROVINSI DKI JAKARTA,JAKARTA BARAT,TAMAN SARI,KEAGUNGAN,WNI ,Perempuan,9891
2015,PROVINSI DKI JAKARTA,JAKARTA BARAT,TAMAN SARI,GLODOK,WNI ,Perempuan,4498
2015,PROVINSI DKI JAKARTA,JAKARTA BARAT,TAMAN SARI,PINANGSIA,WNI ,Perempuan,6220
2015,PROVINSI DKI JAKARTA,JAKARTA BARAT,TAMBORA,TAMBORA,WNI ,Perempuan,6153
2015,PROVINSI DKI JAKARTA,JAKARTA BARAT,TAMBORA,KALI ANYAR,WNI ,Perempuan,13817
2015,PROVINSI DKI JAKARTA,JAKARTA BARAT,TAMBORA,DURI UTARA,WNI ,Perempuan,11717
2015,PROVINSI DKI JAKARTA,JAKARTA BARAT,TAMBORA,TANAH SEREAL,WNI ,Perempuan,15182
2015,PROVINSI DKI JAKARTA,JAKARTA BARAT,TAMBORA,KERENDANG,WNI ,Perempuan,11174
2015,PROVINSI DKI JAKARTA,JAKARTA BARAT,TAMBORA,JEMBATAN BESI,WNI ,Perempuan,16837
2015,PROVINSI DKI JAKARTA,JAKARTA BARAT,TAMBORA,ANGKE,WNI ,Perempuan,17483
2015,PROVINSI DKI JAKARTA,JAKARTA BARAT,TAMBORA,JEMBATAN LIMA,WNI ,Perempuan,12068
2015,PROVINSI DKI JAKARTA,JAKARTA BARAT,TAMBORA,PEKOJAN,WNI ,Perempuan,13556
2015,PROVINSI DKI JAKARTA,JAKARTA BARAT,TAMBORA,ROA MALAKA,WNI ,Perempuan,2018
2015,PROVINSI DKI JAKARTA,JAKARTA BARAT,TAMBORA,DURI SELATAN,WNI ,Perempuan,8355
2015,PROVINSI DKI JAKARTA,JAKARTA BARAT,KEBON JERUK,KEBON JERUK,WNI ,Perempuan,28403
2015,PROVINSI DKI JAKARTA,JAKARTA BARAT,KEBON JERUK,SUKABUMI UTARA,WNI ,Perempuan,21712
2015,PROVINSI DKI JAKARTA,JAKARTA BARAT,KEBON JERUK,SUKABUMI SELATAN,WNI ,Perempuan,20389
2015,PROVINSI DKI JAKARTA,JAKARTA BARAT,KEBON JERUK,KELAPA DUA,WNI ,Perempuan,13256
2015,PROVINSI DKI JAKARTA,JAKARTA BARAT,KEBON JERUK,DURI KEPA,WNI ,Perempuan,33103
2015,PROVINSI DKI JAKARTA,JAKARTA BARAT,KEBON JERUK,KEDOYA UTARA,WNI ,Perempuan,24791
2015,PROVINSI DKI JAKARTA,JAKARTA BARAT,KEBON JERUK,KEDOYA SELATAN,WNI ,Perempuan,17581
2015,PROVINSI DKI JAKARTA,JAKARTA BARAT,KALI DERES,KALIDERES,WNI ,Perempuan,38800
2015,PROVINSI DKI JAKARTA,JAKARTA BARAT,KALI DERES,SEMANAN,WNI ,Perempuan,38198
2015,PROVINSI DKI JAKARTA,JAKARTA BARAT,KALI DERES,TEGAL ALUR,WNI ,Perempuan,46014
2015,PROVINSI DKI JAKARTA,JAKARTA BARAT,KALI DERES,KAMAL,WNI ,Perempuan,30179
2015,PROVINSI DKI JAKARTA,JAKARTA BARAT,KALI DERES,PEGADUNGAN,WNI ,Perempuan,39166
2015,PROVINSI DKI JAKARTA,JAKARTA BARAT,PALMERAH,PALMERAH,WNI ,Perempuan,35161
2015,PROVINSI DKI JAKARTA,JAKARTA BARAT,PALMERAH,SLIPI,WNI ,Perempuan,9233
2015,PROVINSI DKI JAKARTA,JAKARTA BARAT,PALMERAH,KOTA BAMBU UTARA,WNI ,Perempuan,14616
2015,PROVINSI DKI JAKARTA,JAKARTA BARAT,PALMERAH,JATI PULO,WNI ,Perempuan,16654
2015,PROVINSI DKI JAKARTA,JAKARTA BARAT,PALMERAH,KEMANGGISAN,WNI ,Perempuan,18677
2015,PROVINSI DKI JAKARTA,JAKARTA BARAT,PALMERAH,KOTA BAMBU SELATAN,WNI ,Perempuan,12312
2015,PROVINSI DKI JAKARTA,JAKARTA BARAT,KEMBANGAN,KEMBANGAN UTARA,WNI ,Perempuan,29304
2015,PROVINSI DKI JAKARTA,JAKARTA BARAT,KEMBANGAN,MERUYA UTARA,WNI ,Perempuan,22719
2015,PROVINSI DKI JAKARTA,JAKARTA BARAT,KEMBANGAN,MERUYA SELATAN,WNI ,Perempuan,17600
2015,PROVINSI DKI JAKARTA,JAKARTA BARAT,KEMBANGAN,SRENGSENG,WNI ,Perempuan,23509
2015,PROVINSI DKI JAKARTA,JAKARTA BARAT,KEMBANGAN,JOGLO,WNI ,Perempuan,21742
2015,PROVINSI DKI JAKARTA,JAKARTA BARAT,KEMBANGAN,KEMBANGAN SELATAN,WNI ,Perempuan,14408
2015,PROVINSI DKI JAKARTA,JAKARTA SELATAN,TEBET,TEBET TIMUR,WNI ,Perempuan,10540
2015,PROVINSI DKI JAKARTA,JAKARTA SELATAN,TEBET,TEBET BARAT,WNI ,Perempuan,12370
2015,PROVINSI DKI JAKARTA,JAKARTA SELATAN,TEBET,MENTENG DALAM,WNI ,Perempuan,20971
2015,PROVINSI DKI JAKARTA,JAKARTA SELATAN,TEBET,KEBON BARU,WNI ,Perempuan,20448
2015,PROVINSI DKI JAKARTA,JAKARTA SELATAN,TEBET,BUKIT DURI,WNI ,Perempuan,20791
2015,PROVINSI DKI JAKARTA,JAKARTA SELATAN,TEBET,MANGGARAI SELATAN,WNI ,Perempuan,13389
2015,PROVINSI DKI JAKARTA,JAKARTA SELATAN,TEBET,MANGGARAI,WNI ,Perempuan,16813
2015,PROVINSI DKI JAKARTA,JAKARTA SELATAN,SETIA BUDI,SETIA BUDI,WNI ,Perempuan,1741
2015,PROVINSI DKI JAKARTA,JAKARTA SELATAN,SETIA BUDI,KARET SEMANGGI,WNI ,Perempuan,1428
2015,PROVINSI DKI JAKARTA,JAKARTA SELATAN,SETIA BUDI,KARET KUNINGAN,WNI ,Perempuan,8988
2015,PROVINSI DKI JAKARTA,JAKARTA SELATAN,SETIA BUDI,KARET,WNI ,Perempuan,5763
2015,PROVINSI DKI JAKARTA,JAKARTA SELATAN,SETIA BUDI,MENTENG ATAS,WNI ,Perempuan,16315
2015,PROVINSI DKI JAKARTA,JAKARTA SELATAN,SETIA BUDI,PASAR MANGGIS,WNI ,Perempuan,15343
2015,PROVINSI DKI JAKARTA,JAKARTA SELATAN,SETIA BUDI,GUNTUR,WNI ,Perempuan,2353
2015,PROVINSI DKI JAKARTA,JAKARTA SELATAN,SETIA BUDI,KUNINGAN TIMUR,WNI ,Perempuan,3353
2015,PROVINSI DKI JAKARTA,JAKARTA SELATAN,MAMPANG PRAPATAN,MAMPANG PRAPATAN,WNI ,Perempuan,10617
2015,PROVINSI DKI JAKARTA,JAKARTA SELATAN,MAMPANG PRAPATAN,BANGKA,WNI ,Perempuan,12205
2015,PROVINSI DKI JAKARTA,JAKARTA SELATAN,MAMPANG PRAPATAN,PELA MAMPANG,WNI ,Perempuan,25124
2015,PROVINSI DKI JAKARTA,JAKARTA SELATAN,MAMPANG PRAPATAN,TEGAL PARANG,WNI ,Perempuan,18073
2015,PROVINSI DKI JAKARTA,JAKARTA SELATAN,MAMPANG PRAPATAN,KUNINGAN BARAT,WNI ,Perempuan,7244
2015,PROVINSI DKI JAKARTA,JAKARTA SELATAN,PASAR MINGGU,PASAR MINGGU,WNI ,Perempuan,14067
2015,PROVINSI DKI JAKARTA,JAKARTA SELATAN,PASAR MINGGU,JATI PADANG,WNI ,Perempuan,21061
2015,PROVINSI DKI JAKARTA,JAKARTA SELATAN,PASAR MINGGU,CILANDAK TIMUR,WNI ,Perempuan,13624
2015,PROVINSI DKI JAKARTA,JAKARTA SELATAN,PASAR MINGGU,RAGUNAN,WNI ,Perempuan,21971
2015,PROVINSI DKI JAKARTA,JAKARTA SELATAN,PASAR MINGGU,PEJATEN TIMUR,WNI ,Perempuan,32621
2015,PROVINSI DKI JAKARTA,JAKARTA SELATAN,PASAR MINGGU,PEJATEN BARAT,WNI ,Perempuan,20633
2015,PROVINSI DKI JAKARTA,JAKARTA SELATAN,PASAR MINGGU,KEBAGUSAN,WNI ,Perempuan,24243
2015,PROVINSI DKI JAKARTA,JAKARTA SELATAN,KEBAYORAN LAMA,KEBAYORAN LAMA UTARA,WNI ,Perempuan,23506
2015,PROVINSI DKI JAKARTA,JAKARTA SELATAN,KEBAYORAN LAMA,PONDOK PINANG,WNI ,Perempuan,31161
2015,PROVINSI DKI JAKARTA,JAKARTA SELATAN,KEBAYORAN LAMA,CIPULIR,WNI ,Perempuan,21989
2015,PROVINSI DKI JAKARTA,JAKARTA SELATAN,KEBAYORAN LAMA,GROGOL UTARA,WNI ,Perempuan,24053
2015,PROVINSI DKI JAKARTA,JAKARTA SELATAN,KEBAYORAN LAMA,GROGOL SELATAN,WNI ,Perempuan,24565
2015,PROVINSI DKI JAKARTA,JAKARTA SELATAN,KEBAYORAN LAMA,KEBAYORAN LAMA SELATAN,WNI ,Perempuan,22265
2015,PROVINSI DKI JAKARTA,JAKARTA SELATAN,CILANDAK,CILANDAK BARAT,WNI ,Perempuan,28833
2015,PROVINSI DKI JAKARTA,JAKARTA SELATAN,CILANDAK,LEBAK BULUS,WNI ,Perempuan,20144
2015,PROVINSI DKI JAKARTA,JAKARTA SELATAN,CILANDAK,PONDOK LABU,WNI ,Perempuan,25170
2015,PROVINSI DKI JAKARTA,JAKARTA SELATAN,CILANDAK,GANDARIA SELATAN,WNI ,Perempuan,12350
2015,PROVINSI DKI JAKARTA,JAKARTA SELATAN,CILANDAK,CIPETE SELATAN,WNI ,Perempuan,15147
2015,PROVINSI DKI JAKARTA,JAKARTA SELATAN,KEBAYORAN BARU,MELAWAI,WNI ,Perempuan,1596
2015,PROVINSI DKI JAKARTA,JAKARTA SELATAN,KEBAYORAN BARU,GUNUNG,WNI ,Perempuan,5303
2015,PROVINSI DKI JAKARTA,JAKARTA SELATAN,KEBAYORAN BARU,KRAMAT PELA,WNI ,Perempuan,8047
2015,PROVINSI DKI JAKARTA,JAKARTA SELATAN,KEBAYORAN BARU,SELONG,WNI ,Perempuan,1856
2015,PROVINSI DKI JAKARTA,JAKARTA SELATAN,KEBAYORAN BARU,RAWA BARAT,WNI ,Perempuan,3207
2015,PROVINSI DKI JAKARTA,JAKARTA SELATAN,KEBAYORAN BARU,SENAYAN,WNI ,Perempuan,1980
2015,PROVINSI DKI JAKARTA,JAKARTA SELATAN,KEBAYORAN BARU,PULO,WNI ,Perempuan,3558
2015,PROVINSI DKI JAKARTA,JAKARTA SELATAN,KEBAYORAN BARU,PETOGOGAN,WNI ,Perempuan,6647
2015,PROVINSI DKI JAKARTA,JAKARTA SELATAN,KEBAYORAN BARU,GANDARIA UTARA,WNI ,Perempuan,22786
2015,PROVINSI DKI JAKARTA,JAKARTA SELATAN,KEBAYORAN BARU,CIPETE UTARA,WNI ,Perempuan,18991
2015,PROVINSI DKI JAKARTA,JAKARTA SELATAN,PANCORAN,PANCORAN,WNI ,Perempuan,10729
2015,PROVINSI DKI JAKARTA,JAKARTA SELATAN,PANCORAN,KALIBATA,WNI ,Perempuan,23706
2015,PROVINSI DKI JAKARTA,JAKARTA SELATAN,PANCORAN,RAWA JATI,WNI ,Perempuan,10583
2015,PROVINSI DKI JAKARTA,JAKARTA SELATAN,PANCORAN,DUREN TIGA,WNI ,Perempuan,15788
2015,PROVINSI DKI JAKARTA,JAKARTA SELATAN,PANCORAN,PENGADEGAN,WNI ,Perempuan,11789
2015,PROVINSI DKI JAKARTA,JAKARTA SELATAN,PANCORAN,CIKOKO,WNI ,Perempuan,6314
2015,PROVINSI DKI JAKARTA,JAKARTA SELATAN,JAGAKARSA,JAGAKARSA,WNI ,Perempuan,32819
2015,PROVINSI DKI JAKARTA,JAKARTA SELATAN,JAGAKARSA,SRENGSENG SAWAH,WNI ,Perempuan,31198
2015,PROVINSI DKI JAKARTA,JAKARTA SELATAN,JAGAKARSA,CIGANJUR,WNI ,Perempuan,19554
2015,PROVINSI DKI JAKARTA,JAKARTA SELATAN,JAGAKARSA,LENTENG AGUNG,WNI ,Perempuan,29002
2015,PROVINSI DKI JAKARTA,JAKARTA SELATAN,JAGAKARSA,TANJUNG BARAT,WNI ,Perempuan,21596
2015,PROVINSI DKI JAKARTA,JAKARTA SELATAN,JAGAKARSA,CIPEDAK,WNI ,Perempuan,19550
2015,PROVINSI DKI JAKARTA,JAKARTA SELATAN,PESANGGRAHAN,PESANGGRAHAN,WNI ,Perempuan,15154
2015,PROVINSI DKI JAKARTA,JAKARTA SELATAN,PESANGGRAHAN,BINTARO,WNI ,Perempuan,28480
2015,PROVINSI DKI JAKARTA,JAKARTA SELATAN,PESANGGRAHAN,PETUKANGAN UTARA,WNI ,Perempuan,29148
2015,PROVINSI DKI JAKARTA,JAKARTA SELATAN,PESANGGRAHAN,PETUKANGAN SELATAN,WNI ,Perempuan,19875
2015,PROVINSI DKI JAKARTA,JAKARTA SELATAN,PESANGGRAHAN,ULUJAMI,WNI ,Perempuan,22398
2015,PROVINSI DKI JAKARTA,JAKARTA TIMUR,MATRAMAN,PISANGAN BARU,WNI ,Perempuan,18528
2015,PROVINSI DKI JAKARTA,JAKARTA TIMUR,MATRAMAN,UTAN KAYU UTARA,WNI ,Perempuan,16213
2015,PROVINSI DKI JAKARTA,JAKARTA TIMUR,MATRAMAN,KAYU MANIS,WNI ,Perempuan,15050
2015,PROVINSI DKI JAKARTA,JAKARTA TIMUR,MATRAMAN,PAL MERIAM,WNI ,Perempuan,11744
2015,PROVINSI DKI JAKARTA,JAKARTA TIMUR,MATRAMAN,KEBON MANGGIS,WNI ,Perempuan,9785
2015,PROVINSI DKI JAKARTA,JAKARTA TIMUR,MATRAMAN,UTAN KAYU SELATAN,WNI ,Perempuan,19527
2015,PROVINSI DKI JAKARTA,JAKARTA TIMUR,PULO GADUNG,PULO GADUNG,WNI ,Perempuan,18955
2015,PROVINSI DKI JAKARTA,JAKARTA TIMUR,PULO GADUNG,PISANGAN TIMUR,WNI ,Perempuan,24006
2015,PROVINSI DKI JAKARTA,JAKARTA TIMUR,PULO GADUNG,CIPINANG,WNI ,Perempuan,23014
2015,PROVINSI DKI JAKARTA,JAKARTA TIMUR,PULO GADUNG,JATINEGARA KAUM,WNI ,Perempuan,13434
2015,PROVINSI DKI JAKARTA,JAKARTA TIMUR,PULO GADUNG,RAWAMANGUN,WNI ,Perempuan,21991
2015,PROVINSI DKI JAKARTA,JAKARTA TIMUR,PULO GADUNG,KAYU PUTIH,WNI ,Perempuan,23476
2015,PROVINSI DKI JAKARTA,JAKARTA TIMUR,PULO GADUNG,JATI,WNI ,Perempuan,19181
2015,PROVINSI DKI JAKARTA,JAKARTA TIMUR,JATINEGARA,KAMPUNG MELAYU,WNI ,Perempuan,14885
2015,PROVINSI DKI JAKARTA,JAKARTA TIMUR,JATINEGARA,BIDARA CINA,WNI ,Perempuan,22131
2015,PROVINSI DKI JAKARTA,JAKARTA TIMUR,JATINEGARA,BALI MESTER,WNI ,Perempuan,5560
2015,PROVINSI DKI JAKARTA,JAKARTA TIMUR,JATINEGARA,RAWA BUNGA,WNI ,Perempuan,12470
2015,PROVINSI DKI JAKARTA,JAKARTA TIMUR,JATINEGARA,CIPINANG CEMPEDAK,WNI ,Perempuan,19168
2015,PROVINSI DKI JAKARTA,JAKARTA TIMUR,JATINEGARA,CIPINANG MUARA,WNI ,Perempuan,31877
2015,PROVINSI DKI JAKARTA,JAKARTA TIMUR,JATINEGARA,CIPINANG BESAR SELATAN,WNI ,Perempuan,19649
2015,PROVINSI DKI JAKARTA,JAKARTA TIMUR,JATINEGARA,CIPINANG BESAR UTARA,WNI ,Perempuan,27792
2015,PROVINSI DKI JAKARTA,JAKARTA TIMUR,KRAMAT JATI,KRAMAT JATI,WNI ,Perempuan,19574
2015,PROVINSI DKI JAKARTA,JAKARTA TIMUR,KRAMAT JATI,KAMPUNG TENGAH,WNI ,Perempuan,24488
2015,PROVINSI DKI JAKARTA,JAKARTA TIMUR,KRAMAT JATI,DUKUH,WNI ,Perempuan,13694
2015,PROVINSI DKI JAKARTA,JAKARTA TIMUR,KRAMAT JATI,BATU AMPAR,WNI ,Perempuan,26160
2015,PROVINSI DKI JAKARTA,JAKARTA TIMUR,KRAMAT JATI,BALE KAMBANG,WNI ,Perempuan,15515
2015,PROVINSI DKI JAKARTA,JAKARTA TIMUR,KRAMAT JATI,CILILITAN,WNI ,Perempuan,23441
2015,PROVINSI DKI JAKARTA,JAKARTA TIMUR,KRAMAT JATI,CAWANG,WNI ,Perempuan,19402
2015,PROVINSI DKI JAKARTA,JAKARTA TIMUR,PASAR REBO,GEDONG,WNI ,Perempuan,19825
2015,PROVINSI DKI JAKARTA,JAKARTA TIMUR,PASAR REBO,BARU,WNI ,Perempuan,13252
2015,PROVINSI DKI JAKARTA,JAKARTA TIMUR,PASAR REBO,CIJANTUNG,WNI ,Perempuan,22694
2015,PROVINSI DKI JAKARTA,JAKARTA TIMUR,PASAR REBO,KALISARI,WNI ,Perempuan,23090
2015,PROVINSI DKI JAKARTA,JAKARTA TIMUR,PASAR REBO,PEKAYON,WNI ,Perempuan,23669
2015,PROVINSI DKI JAKARTA,JAKARTA TIMUR,CAKUNG,JATINEGARA,WNI ,Perempuan,47411
2015,PROVINSI DKI JAKARTA,JAKARTA TIMUR,CAKUNG,RAWA TERATE,WNI ,Perempuan,14692
2015,PROVINSI DKI JAKARTA,JAKARTA TIMUR,CAKUNG,PENGGILINGAN,WNI ,Perempuan,52756
2015,PROVINSI DKI JAKARTA,JAKARTA TIMUR,CAKUNG,CAKUNG TIMUR,WNI ,Perempuan,32156
2015,PROVINSI DKI JAKARTA,JAKARTA TIMUR,CAKUNG,PULO GEBANG,WNI ,Perempuan,50264
2015,PROVINSI DKI JAKARTA,JAKARTA TIMUR,CAKUNG,UJUNG MENTENG,WNI ,Perempuan,16185
2015,PROVINSI DKI JAKARTA,JAKARTA TIMUR,CAKUNG,CAKUNG BARAT,WNI ,Perempuan,32794
2015,PROVINSI DKI JAKARTA,JAKARTA TIMUR,DUREN SAWIT,DUREN SAWIT,WNI ,Perempuan,33863
2015,PROVINSI DKI JAKARTA,JAKARTA TIMUR,DUREN SAWIT,PONDOK BAMBU,WNI ,Perempuan,34103
2015,PROVINSI DKI JAKARTA,JAKARTA TIMUR,DUREN SAWIT,KLENDER,WNI ,Perempuan,39963
2015,PROVINSI DKI JAKARTA,JAKARTA TIMUR,DUREN SAWIT,PONDOK KELAPA,WNI ,Perempuan,38774
2015,PROVINSI DKI JAKARTA,JAKARTA TIMUR,DUREN SAWIT,MALAKA SARI,WNI ,Perempuan,16532
2015,PROVINSI DKI JAKARTA,JAKARTA TIMUR,DUREN SAWIT,MALAKA JAYA,WNI ,Perempuan,18492
2015,PROVINSI DKI JAKARTA,JAKARTA TIMUR,DUREN SAWIT,PONDOK KOPI,WNI ,Perempuan,19726
2015,PROVINSI DKI JAKARTA,JAKARTA TIMUR,MAKASAR,MAKASAR,WNI ,Perempuan,19742
2015,PROVINSI DKI JAKARTA,JAKARTA TIMUR,MAKASAR,PINANG RANTI,WNI ,Perempuan,14644
2015,PROVINSI DKI JAKARTA,JAKARTA TIMUR,MAKASAR,KEBON PALA,WNI ,Perempuan,26266
2015,PROVINSI DKI JAKARTA,JAKARTA TIMUR,MAKASAR,HALIM PERDANA KUSUMAH,WNI ,Perempuan,16795
2015,PROVINSI DKI JAKARTA,JAKARTA TIMUR,MAKASAR,CIPINANG MELAYU,WNI ,Perempuan,24306
2015,PROVINSI DKI JAKARTA,JAKARTA TIMUR,CIRACAS,CIRACAS,WNI ,Perempuan,35617
2015,PROVINSI DKI JAKARTA,JAKARTA TIMUR,CIRACAS,CIBUBUR,WNI ,Perempuan,36135
2015,PROVINSI DKI JAKARTA,JAKARTA TIMUR,CIRACAS,KELAPA DUA WETAN,WNI ,Perempuan,24885
2015,PROVINSI DKI JAKARTA,JAKARTA TIMUR,CIRACAS,SUSUKAN,WNI ,Perempuan,20853
2015,PROVINSI DKI JAKARTA,JAKARTA TIMUR,CIRACAS,RAMBUTAN,WNI ,Perempuan,20190
2015,PROVINSI DKI JAKARTA,JAKARTA TIMUR,CIPAYUNG,CIPAYUNG,WNI ,Perempuan,13229
2015,PROVINSI DKI JAKARTA,JAKARTA TIMUR,CIPAYUNG,CILANGKAP,WNI ,Perempuan,14031
2015,PROVINSI DKI JAKARTA,JAKARTA TIMUR,CIPAYUNG,PONDOK RANGGON,WNI ,Perempuan,13112
2015,PROVINSI DKI JAKARTA,JAKARTA TIMUR,CIPAYUNG,MUNJUL,WNI ,Perempuan,12664
2015,PROVINSI DKI JAKARTA,JAKARTA TIMUR,CIPAYUNG,SETU,WNI ,Perempuan,10326
2015,PROVINSI DKI JAKARTA,JAKARTA TIMUR,CIPAYUNG,BAMBU APUS,WNI ,Perempuan,13810
2015,PROVINSI DKI JAKARTA,JAKARTA TIMUR,CIPAYUNG,LUBANG BUAYA,WNI ,Perempuan,34461
2015,PROVINSI DKI JAKARTA,JAKARTA TIMUR,CIPAYUNG,CEGER,WNI ,Perempuan,10002
2015,PROVINSI DKI JAKARTA,KAB.ADM.KEP.SERIBU,KEP. SERIBU UTR,P. PANGGANG,WNA,Laki-laki,
2015,PROVINSI DKI JAKARTA,KAB.ADM.KEP.SERIBU,KEP. SERIBU UTR,P. KELAPA,WNA,Laki-laki,
2015,PROVINSI DKI JAKARTA,KAB.ADM.KEP.SERIBU,KEP. SERIBU UTR,P. HARAPAN,WNA,Laki-laki,
2015,PROVINSI DKI JAKARTA,KAB.ADM.KEP.SERIBU,KEP. SERIBU SLT,P. UNTUNG JAWA,WNA,Laki-laki,
2015,PROVINSI DKI JAKARTA,KAB.ADM.KEP.SERIBU,KEP. SERIBU SLT,P. TIDUNG,WNA,Laki-laki,
2015,PROVINSI DKI JAKARTA,KAB.ADM.KEP.SERIBU,KEP. SERIBU SLT,P. PARI,WNA,Laki-laki,
2015,PROVINSI DKI JAKARTA,JAKARTA PUSAT,GAMBIR,GAMBIR,WNA,Laki-laki,5
2015,PROVINSI DKI JAKARTA,JAKARTA PUSAT,GAMBIR,CIDENG,WNA,Laki-laki,4
2015,PROVINSI DKI JAKARTA,JAKARTA PUSAT,GAMBIR,PETOJO UTARA,WNA,Laki-laki,11
2015,PROVINSI DKI JAKARTA,JAKARTA PUSAT,GAMBIR,PETOJO SELATAN,WNA,Laki-laki,4
2015,PROVINSI DKI JAKARTA,JAKARTA PUSAT,GAMBIR,KEBON KELAPA,WNA,Laki-laki,7
2015,PROVINSI DKI JAKARTA,JAKARTA PUSAT,GAMBIR,DURI PULO,WNA,Laki-laki,2
2015,PROVINSI DKI JAKARTA,JAKARTA PUSAT,SAWAH BESAR,PASAR BARU,WNA,Laki-laki,19
2015,PROVINSI DKI JAKARTA,JAKARTA PUSAT,SAWAH BESAR,KARANG ANYAR,WNA,Laki-laki,3
2015,PROVINSI DKI JAKARTA,JAKARTA PUSAT,SAWAH BESAR,KARTINI,WNA,Laki-laki,2
2015,PROVINSI DKI JAKARTA,JAKARTA PUSAT,SAWAH BESAR,GUNUNG SAHARI UTARA,WNA,Laki-laki,12
2015,PROVINSI DKI JAKARTA,JAKARTA PUSAT,SAWAH BESAR,MANGGA DUA SELATAN,WNA,Laki-laki,37
2015,PROVINSI DKI JAKARTA,JAKARTA PUSAT,KEMAYORAN,KEMAYORAN,WNA,Laki-laki,4
2015,PROVINSI DKI JAKARTA,JAKARTA PUSAT,KEMAYORAN,KEBON KOSONG,WNA,Laki-laki,49
2015,PROVINSI DKI JAKARTA,JAKARTA PUSAT,KEMAYORAN,HARAPAN MULIA,WNA,Laki-laki,1
2015,PROVINSI DKI JAKARTA,JAKARTA PUSAT,KEMAYORAN,SERDANG,WNA,Laki-laki,1
2015,PROVINSI DKI JAKARTA,JAKARTA PUSAT,KEMAYORAN,GUNUNG SAHARI SELATAN,WNA,Laki-laki,9
2015,PROVINSI DKI JAKARTA,JAKARTA PUSAT,KEMAYORAN,CEMPAKA BARU,WNA,Laki-laki,3
2015,PROVINSI DKI JAKARTA,JAKARTA PUSAT,KEMAYORAN,SUMUR BATU,WNA,Laki-laki,28
2015,PROVINSI DKI JAKARTA,JAKARTA PUSAT,KEMAYORAN,UTAN PANJANG,WNA,Laki-laki,
2015,PROVINSI DKI JAKARTA,JAKARTA PUSAT,SENEN,SENEN,WNA,Laki-laki,10
2015,PROVINSI DKI JAKARTA,JAKARTA PUSAT,SENEN,KENARI,WNA,Laki-laki,3
2015,PROVINSI DKI JAKARTA,JAKARTA PUSAT,SENEN,PASEBAN,WNA,Laki-laki,1
2015,PROVINSI DKI JAKARTA,JAKARTA PUSAT,SENEN,KRAMAT,WNA,Laki-laki,3
2015,PROVINSI DKI JAKARTA,JAKARTA PUSAT,SENEN,KWITANG,WNA,Laki-laki,1
2015,PROVINSI DKI JAKARTA,JAKARTA PUSAT,SENEN,BUNGUR,WNA,Laki-laki,4
2015,PROVINSI DKI JAKARTA,JAKARTA PUSAT,CEMPAKA PUTIH,CEMPAKA PUTIH TIMUR,WNA,Laki-laki,16
2015,PROVINSI DKI JAKARTA,JAKARTA PUSAT,CEMPAKA PUTIH,CEMPAKA PUTIH BARAT,WNA,Laki-laki,9
2015,PROVINSI DKI JAKARTA,JAKARTA PUSAT,CEMPAKA PUTIH,RAWASARI,WNA,Laki-laki,1
2015,PROVINSI DKI JAKARTA,JAKARTA PUSAT,MENTENG,MENTENG,WNA,Laki-laki,10
2015,PROVINSI DKI JAKARTA,JAKARTA PUSAT,MENTENG,PEGANGSAAN,WNA,Laki-laki,3
2015,PROVINSI DKI JAKARTA,JAKARTA PUSAT,MENTENG,CIKINI,WNA,Laki-laki,3
2015,PROVINSI DKI JAKARTA,JAKARTA PUSAT,MENTENG,GONDANGDIA,WNA,Laki-laki,9
2015,PROVINSI DKI JAKARTA,JAKARTA PUSAT,MENTENG,KEBON SIRIH,WNA,Laki-laki,2
2015,PROVINSI DKI JAKARTA,JAKARTA PUSAT,TANAH ABANG,GELORA,WNA,Laki-laki,9
2015,PROVINSI DKI JAKARTA,JAKARTA PUSAT,TANAH ABANG,BENDUNGAN HILIR,WNA,Laki-laki,10
2015,PROVINSI DKI JAKARTA,JAKARTA PUSAT,TANAH ABANG,KARET TENGSIN,WNA,Laki-laki,19
2015,PROVINSI DKI JAKARTA,JAKARTA PUSAT,TANAH ABANG,PETAMBURAN,WNA,Laki-laki,26
2015,PROVINSI DKI JAKARTA,JAKARTA PUSAT,TANAH ABANG,KEBON MELATI,WNA,Laki-laki,14
2015,PROVINSI DKI JAKARTA,JAKARTA PUSAT,TANAH ABANG,KEBON KACANG,WNA,Laki-laki,7
2015,PROVINSI DKI JAKARTA,JAKARTA PUSAT,TANAH ABANG,KAMPUNG BALI,WNA,Laki-laki,4
2015,PROVINSI DKI JAKARTA,JAKARTA PUSAT,JOHAR BARU,JOHAR BARU,WNA,Laki-laki,3
2015,PROVINSI DKI JAKARTA,JAKARTA PUSAT,JOHAR BARU,KAMPUNG RAWA,WNA,Laki-laki,1
2015,PROVINSI DKI JAKARTA,JAKARTA PUSAT,JOHAR BARU,GALUR,WNA,Laki-laki,
2015,PROVINSI DKI JAKARTA,JAKARTA PUSAT,JOHAR BARU,TANAH TINGGI,WNA,Laki-laki,
2015,PROVINSI DKI JAKARTA,JAKARTA UTARA,PENJARINGAN,PENJARINGAN,WNA,Laki-laki,16
2015,PROVINSI DKI JAKARTA,JAKARTA UTARA,PENJARINGAN,KAMAL MUARA,WNA,Laki-laki,18
2015,PROVINSI DKI JAKARTA,JAKARTA UTARA,PENJARINGAN,KAPUK MUARA,WNA,Laki-laki,19
2015,PROVINSI DKI JAKARTA,JAKARTA UTARA,PENJARINGAN,PEJAGALAN,WNA,Laki-laki,18
2015,PROVINSI DKI JAKARTA,JAKARTA UTARA,PENJARINGAN,PLUIT,WNA,Laki-laki,38
2015,PROVINSI DKI JAKARTA,JAKARTA UTARA,TANJUNG PRIOK,TANJUNG PRIOK,WNA,Laki-laki,
2015,PROVINSI DKI JAKARTA,JAKARTA UTARA,TANJUNG PRIOK,SUNTER JAYA,WNA,Laki-laki,31
2015,PROVINSI DKI JAKARTA,JAKARTA UTARA,TANJUNG PRIOK,PAPANGGO,WNA,Laki-laki,27
2015,PROVINSI DKI JAKARTA,JAKARTA UTARA,TANJUNG PRIOK,SUNGAI BAMBU,WNA,Laki-laki,2
2015,PROVINSI DKI JAKARTA,JAKARTA UTARA,TANJUNG PRIOK,KEBON BAWANG,WNA,Laki-laki,1
2015,PROVINSI DKI JAKARTA,JAKARTA UTARA,TANJUNG PRIOK,SUNTER AGUNG,WNA,Laki-laki,54
2015,PROVINSI DKI JAKARTA,JAKARTA UTARA,TANJUNG PRIOK,WARAKAS,WNA,Laki-laki,1
2015,PROVINSI DKI JAKARTA,JAKARTA UTARA,KOJA,KOJA,WNA,Laki-laki,1
2015,PROVINSI DKI JAKARTA,JAKARTA UTARA,KOJA,TUGU UTARA,WNA,Laki-laki,
2015,PROVINSI DKI JAKARTA,JAKARTA UTARA,KOJA,LAGOA,WNA,Laki-laki,1
2015,PROVINSI DKI JAKARTA,JAKARTA UTARA,KOJA,RAWA BADAK UTARA,WNA,Laki-laki,
2015,PROVINSI DKI JAKARTA,JAKARTA UTARA,KOJA,TUGU SELATAN,WNA,Laki-laki,1
2015,PROVINSI DKI JAKARTA,JAKARTA UTARA,KOJA,RAWA BADAK SELATAN,WNA,Laki-laki,2
2015,PROVINSI DKI JAKARTA,JAKARTA UTARA,CILINCING,CILINCING,WNA,Laki-laki,2
2015,PROVINSI DKI JAKARTA,JAKARTA UTARA,CILINCING,SUKAPURA,WNA,Laki-laki,1
2015,PROVINSI DKI JAKARTA,JAKARTA UTARA,CILINCING,MARUNDA,WNA,Laki-laki,
2015,PROVINSI DKI JAKARTA,JAKARTA UTARA,CILINCING,KALI BARU,WNA,Laki-laki,
2015,PROVINSI DKI JAKARTA,JAKARTA UTARA,CILINCING,SEMPER TIMUR,WNA,Laki-laki,1
2015,PROVINSI DKI JAKARTA,JAKARTA UTARA,CILINCING,ROROTAN,WNA,Laki-laki,
2015,PROVINSI DKI JAKARTA,JAKARTA UTARA,CILINCING,SEMPER BARAT,WNA,Laki-laki,1
2015,PROVINSI DKI JAKARTA,JAKARTA UTARA,PADEMANGAN,PADEMANGAN TIMUR,WNA,Laki-laki,6
2015,PROVINSI DKI JAKARTA,JAKARTA UTARA,PADEMANGAN,PADEMANGAN BARAT,WNA,Laki-laki,27
2015,PROVINSI DKI JAKARTA,JAKARTA UTARA,PADEMANGAN,ANCOL,WNA,Laki-laki,29
2015,PROVINSI DKI JAKARTA,JAKARTA UTARA,KELAPA GADING,KELAPA GADING TIMUR,WNA,Laki-laki,17
2015,PROVINSI DKI JAKARTA,JAKARTA UTARA,KELAPA GADING,PEGANGSAAN DUA,WNA,Laki-laki,32
2015,PROVINSI DKI JAKARTA,JAKARTA UTARA,KELAPA GADING,KELAPA GADING BARAT,WNA,Laki-laki,79
2015,PROVINSI DKI JAKARTA,JAKARTA BARAT,CENGKARENG,CENGKARENG BARAT,WNA,Laki-laki,4
2015,PROVINSI DKI JAKARTA,JAKARTA BARAT,CENGKARENG,DURI KOSAMBI,WNA,Laki-laki,3
2015,PROVINSI DKI JAKARTA,JAKARTA BARAT,CENGKARENG,RAWA BUAYA,WNA,Laki-laki,
2015,PROVINSI DKI JAKARTA,JAKARTA BARAT,CENGKARENG,KEDAUNG KALI ANGKE,WNA,Laki-laki,2
2015,PROVINSI DKI JAKARTA,JAKARTA BARAT,CENGKARENG,KAPUK,WNA,Laki-laki,5
2015,PROVINSI DKI JAKARTA,JAKARTA BARAT,CENGKARENG,CENGKARENG TIMUR,WNA,Laki-laki,9
2015,PROVINSI DKI JAKARTA,JAKARTA BARAT,GROGOL PETAMBURAN,GROGOL,WNA,Laki-laki,1
2015,PROVINSI DKI JAKARTA,JAKARTA BARAT,GROGOL PETAMBURAN,TANJUNG DUREN UTARA,WNA,Laki-laki,8
2015,PROVINSI DKI JAKARTA,JAKARTA BARAT,GROGOL PETAMBURAN,TOMANG,WNA,Laki-laki,2
2015,PROVINSI DKI JAKARTA,JAKARTA BARAT,GROGOL PETAMBURAN,JELAMBAR,WNA,Laki-laki,1
2015,PROVINSI DKI JAKARTA,JAKARTA BARAT,GROGOL PETAMBURAN,TANJUNG DUREN SELATAN,WNA,Laki-laki,25
2015,PROVINSI DKI JAKARTA,JAKARTA BARAT,GROGOL PETAMBURAN,JELAMBAR BARU,WNA,Laki-laki,2
2015,PROVINSI DKI JAKARTA,JAKARTA BARAT,GROGOL PETAMBURAN,WIJAYA KUSUMA,WNA,Laki-laki,6
2015,PROVINSI DKI JAKARTA,JAKARTA BARAT,TAMAN SARI,TAMAN SARI,WNA,Laki-laki,1
2015,PROVINSI DKI JAKARTA,JAKARTA BARAT,TAMAN SARI,KRUKUT,WNA,Laki-laki,5
2015,PROVINSI DKI JAKARTA,JAKARTA BARAT,TAMAN SARI,MAPHAR,WNA,Laki-laki,2
2015,PROVINSI DKI JAKARTA,JAKARTA BARAT,TAMAN SARI,TANGKI,WNA,Laki-laki,1
2015,PROVINSI DKI JAKARTA,JAKARTA BARAT,TAMAN SARI,MANGGA BESAR,WNA,Laki-laki,2
2015,PROVINSI DKI JAKARTA,JAKARTA BARAT,TAMAN SARI,KEAGUNGAN,WNA,Laki-laki,2
2015,PROVINSI DKI JAKARTA,JAKARTA BARAT,TAMAN SARI,GLODOK,WNA,Laki-laki,2
2015,PROVINSI DKI JAKARTA,JAKARTA BARAT,TAMAN SARI,PINANGSIA,WNA,Laki-laki,3
2015,PROVINSI DKI JAKARTA,JAKARTA BARAT,TAMBORA,TAMBORA,WNA,Laki-laki,
2015,PROVINSI DKI JAKARTA,JAKARTA BARAT,TAMBORA,KALI ANYAR,WNA,Laki-laki,
2015,PROVINSI DKI JAKARTA,JAKARTA BARAT,TAMBORA,DURI UTARA,WNA,Laki-laki,1
2015,PROVINSI DKI JAKARTA,JAKARTA BARAT,TAMBORA,TANAH SEREAL,WNA,Laki-laki,3
2015,PROVINSI DKI JAKARTA,JAKARTA BARAT,TAMBORA,KERENDANG,WNA,Laki-laki,1
2015,PROVINSI DKI JAKARTA,JAKARTA BARAT,TAMBORA,JEMBATAN BESI,WNA,Laki-laki,1
2015,PROVINSI DKI JAKARTA,JAKARTA BARAT,TAMBORA,ANGKE,WNA,Laki-laki,4
2015,PROVINSI DKI JAKARTA,JAKARTA BARAT,TAMBORA,JEMBATAN LIMA,WNA,Laki-laki,2
2015,PROVINSI DKI JAKARTA,JAKARTA BARAT,TAMBORA,PEKOJAN,WNA,Laki-laki,2
2015,PROVINSI DKI JAKARTA,JAKARTA BARAT,TAMBORA,ROA MALAKA,WNA,Laki-laki,6
2015,PROVINSI DKI JAKARTA,JAKARTA BARAT,TAMBORA,DURI SELATAN,WNA,Laki-laki,1
2015,PROVINSI DKI JAKARTA,JAKARTA BARAT,KEBON JERUK,KEBON JERUK,WNA,Laki-laki,9
2015,PROVINSI DKI JAKARTA,JAKARTA BARAT,KEBON JERUK,SUKABUMI UTARA,WNA,Laki-laki,2
2015,PROVINSI DKI JAKARTA,JAKARTA BARAT,KEBON JERUK,SUKABUMI SELATAN,WNA,Laki-laki,4
2015,PROVINSI DKI JAKARTA,JAKARTA BARAT,KEBON JERUK,KELAPA DUA,WNA,Laki-laki,7
2015,PROVINSI DKI JAKARTA,JAKARTA BARAT,KEBON JERUK,DURI KEPA,WNA,Laki-laki,11
2015,PROVINSI DKI JAKARTA,JAKARTA BARAT,KEBON JERUK,KEDOYA UTARA,WNA,Laki-laki,8
2015,PROVINSI DKI JAKARTA,JAKARTA BARAT,KEBON JERUK,KEDOYA SELATAN,WNA,Laki-laki,12
2015,PROVINSI DKI JAKARTA,JAKARTA BARAT,KALI DERES,KALIDERES,WNA,Laki-laki,4
2015,PROVINSI DKI JAKARTA,JAKARTA BARAT,KALI DERES,SEMANAN,WNA,Laki-laki,
2015,PROVINSI DKI JAKARTA,JAKARTA BARAT,KALI DERES,TEGAL ALUR,WNA,Laki-laki,5
2015,PROVINSI DKI JAKARTA,JAKARTA BARAT,KALI DERES,KAMAL,WNA,Laki-laki,
2015,PROVINSI DKI JAKARTA,JAKARTA BARAT,KALI DERES,PEGADUNGAN,WNA,Laki-laki,7
2015,PROVINSI DKI JAKARTA,JAKARTA BARAT,PALMERAH,PALMERAH,WNA,Laki-laki,5
2015,PROVINSI DKI JAKARTA,JAKARTA BARAT,PALMERAH,SLIPI,WNA,Laki-laki,7
2015,PROVINSI DKI JAKARTA,JAKARTA BARAT,PALMERAH,KOTA BAMBU UTARA,WNA,Laki-laki,4
2015,PROVINSI DKI JAKARTA,JAKARTA BARAT,PALMERAH,JATI PULO,WNA,Laki-laki,2
2015,PROVINSI DKI JAKARTA,JAKARTA BARAT,PALMERAH,KEMANGGISAN,WNA,Laki-laki,12
2015,PROVINSI DKI JAKARTA,JAKARTA BARAT,PALMERAH,KOTA BAMBU SELATAN,WNA,Laki-laki,5
2015,PROVINSI DKI JAKARTA,JAKARTA BARAT,KEMBANGAN,KEMBANGAN UTARA,WNA,Laki-laki,3
2015,PROVINSI DKI JAKARTA,JAKARTA BARAT,KEMBANGAN,MERUYA UTARA,WNA,Laki-laki,8
2015,PROVINSI DKI JAKARTA,JAKARTA BARAT,KEMBANGAN,MERUYA SELATAN,WNA,Laki-laki,2
2015,PROVINSI DKI JAKARTA,JAKARTA BARAT,KEMBANGAN,SRENGSENG,WNA,Laki-laki,9
2015,PROVINSI DKI JAKARTA,JAKARTA BARAT,KEMBANGAN,JOGLO,WNA,Laki-laki,6
2015,PROVINSI DKI JAKARTA,JAKARTA BARAT,KEMBANGAN,KEMBANGAN SELATAN,WNA,Laki-laki,7
2015,PROVINSI DKI JAKARTA,JAKARTA SELATAN,TEBET,TEBET TIMUR,WNA,Laki-laki,3
2015,PROVINSI DKI JAKARTA,JAKARTA SELATAN,TEBET,TEBET BARAT,WNA,Laki-laki,10
2015,PROVINSI DKI JAKARTA,JAKARTA SELATAN,TEBET,MENTENG DALAM,WNA,Laki-laki,29
2015,PROVINSI DKI JAKARTA,JAKARTA SELATAN,TEBET,KEBON BARU,WNA,Laki-laki,3
2015,PROVINSI DKI JAKARTA,JAKARTA SELATAN,TEBET,BUKIT DURI,WNA,Laki-laki,5
2015,PROVINSI DKI JAKARTA,JAKARTA SELATAN,TEBET,MANGGARAI SELATAN,WNA,Laki-laki,
2015,PROVINSI DKI JAKARTA,JAKARTA SELATAN,TEBET,MANGGARAI,WNA,Laki-laki,1
2015,PROVINSI DKI JAKARTA,JAKARTA SELATAN,SETIA BUDI,SETIA BUDI,WNA,Laki-laki,8
2015,PROVINSI DKI JAKARTA,JAKARTA SELATAN,SETIA BUDI,KARET SEMANGGI,WNA,Laki-laki,8
2015,PROVINSI DKI JAKARTA,JAKARTA SELATAN,SETIA BUDI,KARET KUNINGAN,WNA,Laki-laki,7
2015,PROVINSI DKI JAKARTA,JAKARTA SELATAN,SETIA BUDI,KARET,WNA,Laki-laki,6
2015,PROVINSI DKI JAKARTA,JAKARTA SELATAN,SETIA BUDI,MENTENG ATAS,WNA,Laki-laki,22
2015,PROVINSI DKI JAKARTA,JAKARTA SELATAN,SETIA BUDI,PASAR MANGGIS,WNA,Laki-laki,4
2015,PROVINSI DKI JAKARTA,JAKARTA SELATAN,SETIA BUDI,GUNTUR,WNA,Laki-laki,5
2015,PROVINSI DKI JAKARTA,JAKARTA SELATAN,SETIA BUDI,KUNINGAN TIMUR,WNA,Laki-laki,28
2015,PROVINSI DKI JAKARTA,JAKARTA SELATAN,MAMPANG PRAPATAN,MAMPANG PRAPATAN,WNA,Laki-laki,1
2015,PROVINSI DKI JAKARTA,JAKARTA SELATAN,MAMPANG PRAPATAN,BANGKA,WNA,Laki-laki,84
2015,PROVINSI DKI JAKARTA,JAKARTA SELATAN,MAMPANG PRAPATAN,PELA MAMPANG,WNA,Laki-laki,32
2015,PROVINSI DKI JAKARTA,JAKARTA SELATAN,MAMPANG PRAPATAN,TEGAL PARANG,WNA,Laki-laki,1
2015,PROVINSI DKI JAKARTA,JAKARTA SELATAN,MAMPANG PRAPATAN,KUNINGAN BARAT,WNA,Laki-laki,
2015,PROVINSI DKI JAKARTA,JAKARTA SELATAN,PASAR MINGGU,PASAR MINGGU,WNA,Laki-laki,11
2015,PROVINSI DKI JAKARTA,JAKARTA SELATAN,PASAR MINGGU,JATI PADANG,WNA,Laki-laki,3
2015,PROVINSI DKI JAKARTA,JAKARTA SELATAN,PASAR MINGGU,CILANDAK TIMUR,WNA,Laki-laki,28
2015,PROVINSI DKI JAKARTA,JAKARTA SELATAN,PASAR MINGGU,RAGUNAN,WNA,Laki-laki,14
2015,PROVINSI DKI JAKARTA,JAKARTA SELATAN,PASAR MINGGU,PEJATEN TIMUR,WNA,Laki-laki,5
2015,PROVINSI DKI JAKARTA,JAKARTA SELATAN,PASAR MINGGU,PEJATEN BARAT,WNA,Laki-laki,18
2015,PROVINSI DKI JAKARTA,JAKARTA SELATAN,PASAR MINGGU,KEBAGUSAN,WNA,Laki-laki,4
2015,PROVINSI DKI JAKARTA,JAKARTA SELATAN,KEBAYORAN LAMA,KEBAYORAN LAMA UTARA,WNA,Laki-laki,16
2015,PROVINSI DKI JAKARTA,JAKARTA SELATAN,KEBAYORAN LAMA,PONDOK PINANG,WNA,Laki-laki,72
2015,PROVINSI DKI JAKARTA,JAKARTA SELATAN,KEBAYORAN LAMA,CIPULIR,WNA,Laki-laki,1
2015,PROVINSI DKI JAKARTA,JAKARTA SELATAN,KEBAYORAN LAMA,GROGOL UTARA,WNA,Laki-laki,45
2015,PROVINSI DKI JAKARTA,JAKARTA SELATAN,KEBAYORAN LAMA,GROGOL SELATAN,WNA,Laki-laki,34
2015,PROVINSI DKI JAKARTA,JAKARTA SELATAN,KEBAYORAN LAMA,KEBAYORAN LAMA SELATAN,WNA,Laki-laki,8
2015,PROVINSI DKI JAKARTA,JAKARTA SELATAN,CILANDAK,CILANDAK BARAT,WNA,Laki-laki,91
2015,PROVINSI DKI JAKARTA,JAKARTA SELATAN,CILANDAK,LEBAK BULUS,WNA,Laki-laki,27
2015,PROVINSI DKI JAKARTA,JAKARTA SELATAN,CILANDAK,PONDOK LABU,WNA,Laki-laki,10
2015,PROVINSI DKI JAKARTA,JAKARTA SELATAN,CILANDAK,GANDARIA SELATAN,WNA,Laki-laki,3
2015,PROVINSI DKI JAKARTA,JAKARTA SELATAN,CILANDAK,CIPETE SELATAN,WNA,Laki-laki,29
2015,PROVINSI DKI JAKARTA,JAKARTA SELATAN,KEBAYORAN BARU,MELAWAI,WNA,Laki-laki,16
2015,PROVINSI DKI JAKARTA,JAKARTA SELATAN,KEBAYORAN BARU,GUNUNG,WNA,Laki-laki,21
2015,PROVINSI DKI JAKARTA,JAKARTA SELATAN,KEBAYORAN BARU,KRAMAT PELA,WNA,Laki-laki,12
2015,PROVINSI DKI JAKARTA,JAKARTA SELATAN,KEBAYORAN BARU,SELONG,WNA,Laki-laki,15
2015,PROVINSI DKI JAKARTA,JAKARTA SELATAN,KEBAYORAN BARU,RAWA BARAT,WNA,Laki-laki,4
2015,PROVINSI DKI JAKARTA,JAKARTA SELATAN,KEBAYORAN BARU,SENAYAN,WNA,Laki-laki,20
2015,PROVINSI DKI JAKARTA,JAKARTA SELATAN,KEBAYORAN BARU,PULO,WNA,Laki-laki,12
2015,PROVINSI DKI JAKARTA,JAKARTA SELATAN,KEBAYORAN BARU,PETOGOGAN,WNA,Laki-laki,1
2015,PROVINSI DKI JAKARTA,JAKARTA SELATAN,KEBAYORAN BARU,GANDARIA UTARA,WNA,Laki-laki,10
2015,PROVINSI DKI JAKARTA,JAKARTA SELATAN,KEBAYORAN BARU,CIPETE UTARA,WNA,Laki-laki,39
2015,PROVINSI DKI JAKARTA,JAKARTA SELATAN,PANCORAN,PANCORAN,WNA,Laki-laki,9
2015,PROVINSI DKI JAKARTA,JAKARTA SELATAN,PANCORAN,KALIBATA,WNA,Laki-laki,11
2015,PROVINSI DKI JAKARTA,JAKARTA SELATAN,PANCORAN,RAWA JATI,WNA,Laki-laki,7
2015,PROVINSI DKI JAKARTA,JAKARTA SELATAN,PANCORAN,DUREN TIGA,WNA,Laki-laki,3
2015,PROVINSI DKI JAKARTA,JAKARTA SELATAN,PANCORAN,PENGADEGAN,WNA,Laki-laki,4
2015,PROVINSI DKI JAKARTA,JAKARTA SELATAN,PANCORAN,CIKOKO,WNA,Laki-laki,
2015,PROVINSI DKI JAKARTA,JAKARTA SELATAN,JAGAKARSA,JAGAKARSA,WNA,Laki-laki,19
2015,PROVINSI DKI JAKARTA,JAKARTA SELATAN,JAGAKARSA,SRENGSENG SAWAH,WNA,Laki-laki,6
2015,PROVINSI DKI JAKARTA,JAKARTA SELATAN,JAGAKARSA,CIGANJUR,WNA,Laki-laki,8
2015,PROVINSI DKI JAKARTA,JAKARTA SELATAN,JAGAKARSA,LENTENG AGUNG,WNA,Laki-laki,1
2015,PROVINSI DKI JAKARTA,JAKARTA SELATAN,JAGAKARSA,TANJUNG BARAT,WNA,Laki-laki,8
2015,PROVINSI DKI JAKARTA,JAKARTA SELATAN,JAGAKARSA,CIPEDAK,WNA,Laki-laki,5
2015,PROVINSI DKI JAKARTA,JAKARTA SELATAN,PESANGGRAHAN,PESANGGRAHAN,WNA,Laki-laki,2
2015,PROVINSI DKI JAKARTA,JAKARTA SELATAN,PESANGGRAHAN,BINTARO,WNA,Laki-laki,10
2015,PROVINSI DKI JAKARTA,JAKARTA SELATAN,PESANGGRAHAN,PETUKANGAN UTARA,WNA,Laki-laki,1
2015,PROVINSI DKI JAKARTA,JAKARTA SELATAN,PESANGGRAHAN,PETUKANGAN SELATAN,WNA,Laki-laki,4
2015,PROVINSI DKI JAKARTA,JAKARTA SELATAN,PESANGGRAHAN,ULUJAMI,WNA,Laki-laki,
2015,PROVINSI DKI JAKARTA,JAKARTA TIMUR,MATRAMAN,PISANGAN BARU,WNA,Laki-laki,2
2015,PROVINSI DKI JAKARTA,JAKARTA TIMUR,MATRAMAN,UTAN KAYU UTARA,WNA,Laki-laki,2
2015,PROVINSI DKI JAKARTA,JAKARTA TIMUR,MATRAMAN,KAYU MANIS,WNA,Laki-laki,3
2015,PROVINSI DKI JAKARTA,JAKARTA TIMUR,MATRAMAN,PAL MERIAM,WNA,Laki-laki,
2015,PROVINSI DKI JAKARTA,JAKARTA TIMUR,MATRAMAN,KEBON MANGGIS,WNA,Laki-laki,1
2015,PROVINSI DKI JAKARTA,JAKARTA TIMUR,MATRAMAN,UTAN KAYU SELATAN,WNA,Laki-laki,
2015,PROVINSI DKI JAKARTA,JAKARTA TIMUR,PULO GADUNG,PULO GADUNG,WNA,Laki-laki,3
2015,PROVINSI DKI JAKARTA,JAKARTA TIMUR,PULO GADUNG,PISANGAN TIMUR,WNA,Laki-laki,3
2015,PROVINSI DKI JAKARTA,JAKARTA TIMUR,PULO GADUNG,CIPINANG,WNA,Laki-laki,4
2015,PROVINSI DKI JAKARTA,JAKARTA TIMUR,PULO GADUNG,JATINEGARA KAUM,WNA,Laki-laki,1
2015,PROVINSI DKI JAKARTA,JAKARTA TIMUR,PULO GADUNG,RAWAMANGUN,WNA,Laki-laki,1
2015,PROVINSI DKI JAKARTA,JAKARTA TIMUR,PULO GADUNG,KAYU PUTIH,WNA,Laki-laki,35
2015,PROVINSI DKI JAKARTA,JAKARTA TIMUR,PULO GADUNG,JATI,WNA,Laki-laki,5
2015,PROVINSI DKI JAKARTA,JAKARTA TIMUR,JATINEGARA,KAMPUNG MELAYU,WNA,Laki-laki,1
2015,PROVINSI DKI JAKARTA,JAKARTA TIMUR,JATINEGARA,BIDARA CINA,WNA,Laki-laki,5
2015,PROVINSI DKI JAKARTA,JAKARTA TIMUR,JATINEGARA,BALI MESTER,WNA,Laki-laki,2
2015,PROVINSI DKI JAKARTA,JAKARTA TIMUR,JATINEGARA,RAWA BUNGA,WNA,Laki-laki,2
2015,PROVINSI DKI JAKARTA,JAKARTA TIMUR,JATINEGARA,CIPINANG CEMPEDAK,WNA,Laki-laki,5
2015,PROVINSI DKI JAKARTA,JAKARTA TIMUR,JATINEGARA,CIPINANG MUARA,WNA,Laki-laki,5
2015,PROVINSI DKI JAKARTA,JAKARTA TIMUR,JATINEGARA,CIPINANG BESAR SELATAN,WNA,Laki-laki,4
2015,PROVINSI DKI JAKARTA,JAKARTA TIMUR,JATINEGARA,CIPINANG BESAR UTARA,WNA,Laki-laki,
2015,PROVINSI DKI JAKARTA,JAKARTA TIMUR,KRAMAT JATI,KRAMAT JATI,WNA,Laki-laki,1
2015,PROVINSI DKI JAKARTA,JAKARTA TIMUR,KRAMAT JATI,KAMPUNG TENGAH,WNA,Laki-laki,
2015,PROVINSI DKI JAKARTA,JAKARTA TIMUR,KRAMAT JATI,DUKUH,WNA,Laki-laki,1
2015,PROVINSI DKI JAKARTA,JAKARTA TIMUR,KRAMAT JATI,BATU AMPAR,WNA,Laki-laki,2
2015,PROVINSI DKI JAKARTA,JAKARTA TIMUR,KRAMAT JATI,BALE KAMBANG,WNA,Laki-laki,
2015,PROVINSI DKI JAKARTA,JAKARTA TIMUR,KRAMAT JATI,CILILITAN,WNA,Laki-laki,1
2015,PROVINSI DKI JAKARTA,JAKARTA TIMUR,KRAMAT JATI,CAWANG,WNA,Laki-laki,2
2015,PROVINSI DKI JAKARTA,JAKARTA TIMUR,PASAR REBO,GEDONG,WNA,Laki-laki,5
2015,PROVINSI DKI JAKARTA,JAKARTA TIMUR,PASAR REBO,BARU,WNA,Laki-laki,
2015,PROVINSI DKI JAKARTA,JAKARTA TIMUR,PASAR REBO,CIJANTUNG,WNA,Laki-laki,3
2015,PROVINSI DKI JAKARTA,JAKARTA TIMUR,PASAR REBO,KALISARI,WNA,Laki-laki,2
2015,PROVINSI DKI JAKARTA,JAKARTA TIMUR,PASAR REBO,PEKAYON,WNA,Laki-laki,2
2015,PROVINSI DKI JAKARTA,JAKARTA TIMUR,CAKUNG,JATINEGARA,WNA,Laki-laki,
2015,PROVINSI DKI JAKARTA,JAKARTA TIMUR,CAKUNG,RAWA TERATE,WNA,Laki-laki,
2015,PROVINSI DKI JAKARTA,JAKARTA TIMUR,CAKUNG,PENGGILINGAN,WNA,Laki-laki,3
2015,PROVINSI DKI JAKARTA,JAKARTA TIMUR,CAKUNG,CAKUNG TIMUR,WNA,Laki-laki,5
2015,PROVINSI DKI JAKARTA,JAKARTA TIMUR,CAKUNG,PULO GEBANG,WNA,Laki-laki,6
2015,PROVINSI DKI JAKARTA,JAKARTA TIMUR,CAKUNG,UJUNG MENTENG,WNA,Laki-laki,4
2015,PROVINSI DKI JAKARTA,JAKARTA TIMUR,CAKUNG,CAKUNG BARAT,WNA,Laki-laki,
2015,PROVINSI DKI JAKARTA,JAKARTA TIMUR,DUREN SAWIT,DUREN SAWIT,WNA,Laki-laki,2
2015,PROVINSI DKI JAKARTA,JAKARTA TIMUR,DUREN SAWIT,PONDOK BAMBU,WNA,Laki-laki,6
2015,PROVINSI DKI JAKARTA,JAKARTA TIMUR,DUREN SAWIT,KLENDER,WNA,Laki-laki,4
2015,PROVINSI DKI JAKARTA,JAKARTA TIMUR,DUREN SAWIT,PONDOK KELAPA,WNA,Laki-laki,12
2015,PROVINSI DKI JAKARTA,JAKARTA TIMUR,DUREN SAWIT,MALAKA SARI,WNA,Laki-laki,3
2015,PROVINSI DKI JAKARTA,JAKARTA TIMUR,DUREN SAWIT,MALAKA JAYA,WNA,Laki-laki,
2015,PROVINSI DKI JAKARTA,JAKARTA TIMUR,DUREN SAWIT,PONDOK KOPI,WNA,Laki-laki,1
2015,PROVINSI DKI JAKARTA,JAKARTA TIMUR,MAKASAR,MAKASAR,WNA,Laki-laki,1
2015,PROVINSI DKI JAKARTA,JAKARTA TIMUR,MAKASAR,PINANG RANTI,WNA,Laki-laki,
2015,PROVINSI DKI JAKARTA,JAKARTA TIMUR,MAKASAR,KEBON PALA,WNA,Laki-laki,
2015,PROVINSI DKI JAKARTA,JAKARTA TIMUR,MAKASAR,HALIM PERDANA KUSUMAH,WNA,Laki-laki,1
2015,PROVINSI DKI JAKARTA,JAKARTA TIMUR,MAKASAR,CIPINANG MELAYU,WNA,Laki-laki,2
2015,PROVINSI DKI JAKARTA,JAKARTA TIMUR,CIRACAS,CIRACAS,WNA,Laki-laki,
2015,PROVINSI DKI JAKARTA,JAKARTA TIMUR,CIRACAS,CIBUBUR,WNA,Laki-laki,6
2015,PROVINSI DKI JAKARTA,JAKARTA TIMUR,CIRACAS,KELAPA DUA WETAN,WNA,Laki-laki,3
2015,PROVINSI DKI JAKARTA,JAKARTA TIMUR,CIRACAS,SUSUKAN,WNA,Laki-laki,2
2015,PROVINSI DKI JAKARTA,JAKARTA TIMUR,CIRACAS,RAMBUTAN,WNA,Laki-laki,1
2015,PROVINSI DKI JAKARTA,JAKARTA TIMUR,CIPAYUNG,CIPAYUNG,WNA,Laki-laki,3
2015,PROVINSI DKI JAKARTA,JAKARTA TIMUR,CIPAYUNG,CILANGKAP,WNA,Laki-laki,
2015,PROVINSI DKI JAKARTA,JAKARTA TIMUR,CIPAYUNG,PONDOK RANGGON,WNA,Laki-laki,1
2015,PROVINSI DKI JAKARTA,JAKARTA TIMUR,CIPAYUNG,MUNJUL,WNA,Laki-laki,
2015,PROVINSI DKI JAKARTA,JAKARTA TIMUR,CIPAYUNG,SETU,WNA,Laki-laki,2
2015,PROVINSI DKI JAKARTA,JAKARTA TIMUR,CIPAYUNG,BAMBU APUS,WNA,Laki-laki,2
2015,PROVINSI DKI JAKARTA,JAKARTA TIMUR,CIPAYUNG,LUBANG BUAYA,WNA,Laki-laki,
2015,PROVINSI DKI JAKARTA,JAKARTA TIMUR,CIPAYUNG,CEGER,WNA,Laki-laki,2
2015,PROVINSI DKI JAKARTA,KAB.ADM.KEP.SERIBU,KEP. SERIBU UTR,P. PANGGANG,WNA,Perempuan,
2015,PROVINSI DKI JAKARTA,KAB.ADM.KEP.SERIBU,KEP. SERIBU UTR,P. KELAPA,WNA,Perempuan,
2015,PROVINSI DKI JAKARTA,KAB.ADM.KEP.SERIBU,KEP. SERIBU UTR,P. HARAPAN,WNA,Perempuan,
2015,PROVINSI DKI JAKARTA,KAB.ADM.KEP.SERIBU,KEP. SERIBU SLT,P. UNTUNG JAWA,WNA,Perempuan,
2015,PROVINSI DKI JAKARTA,KAB.ADM.KEP.SERIBU,KEP. SERIBU SLT,P. TIDUNG,WNA,Perempuan,
2015,PROVINSI DKI JAKARTA,KAB.ADM.KEP.SERIBU,KEP. SERIBU SLT,P. PARI,WNA,Perempuan,
2015,PROVINSI DKI JAKARTA,JAKARTA PUSAT,GAMBIR,GAMBIR,WNA,Perempuan,2
2015,PROVINSI DKI JAKARTA,JAKARTA PUSAT,GAMBIR,CIDENG,WNA,Perempuan,4
2015,PROVINSI DKI JAKARTA,JAKARTA PUSAT,GAMBIR,PETOJO UTARA,WNA,Perempuan,7
2015,PROVINSI DKI JAKARTA,JAKARTA PUSAT,GAMBIR,PETOJO SELATAN,WNA,Perempuan,2
2015,PROVINSI DKI JAKARTA,JAKARTA PUSAT,GAMBIR,KEBON KELAPA,WNA,Perempuan,5
2015,PROVINSI DKI JAKARTA,JAKARTA PUSAT,GAMBIR,DURI PULO,WNA,Perempuan,5
2015,PROVINSI DKI JAKARTA,JAKARTA PUSAT,SAWAH BESAR,PASAR BARU,WNA,Perempuan,49
2015,PROVINSI DKI JAKARTA,JAKARTA PUSAT,SAWAH BESAR,KARANG ANYAR,WNA,Perempuan,3
2015,PROVINSI DKI JAKARTA,JAKARTA PUSAT,SAWAH BESAR,KARTINI,WNA,Perempuan,3
2015,PROVINSI DKI JAKARTA,JAKARTA PUSAT,SAWAH BESAR,GUNUNG SAHARI UTARA,WNA,Perempuan,15
2015,PROVINSI DKI JAKARTA,JAKARTA PUSAT,SAWAH BESAR,MANGGA DUA SELATAN,WNA,Perempuan,16
2015,PROVINSI DKI JAKARTA,JAKARTA PUSAT,KEMAYORAN,KEMAYORAN,WNA,Perempuan,6
2015,PROVINSI DKI JAKARTA,JAKARTA PUSAT,KEMAYORAN,KEBON KOSONG,WNA,Perempuan,33
2015,PROVINSI DKI JAKARTA,JAKARTA PUSAT,KEMAYORAN,HARAPAN MULIA,WNA,Perempuan,2
2015,PROVINSI DKI JAKARTA,JAKARTA PUSAT,KEMAYORAN,SERDANG,WNA,Perempuan,
2015,PROVINSI DKI JAKARTA,JAKARTA PUSAT,KEMAYORAN,GUNUNG SAHARI SELATAN,WNA,Perempuan,8
2015,PROVINSI DKI JAKARTA,JAKARTA PUSAT,KEMAYORAN,CEMPAKA BARU,WNA,Perempuan,
2015,PROVINSI DKI JAKARTA,JAKARTA PUSAT,KEMAYORAN,SUMUR BATU,WNA,Perempuan,14
2015,PROVINSI DKI JAKARTA,JAKARTA PUSAT,KEMAYORAN,UTAN PANJANG,WNA,Perempuan,
2015,PROVINSI DKI JAKARTA,JAKARTA PUSAT,SENEN,SENEN,WNA,Perempuan,10
2015,PROVINSI DKI JAKARTA,JAKARTA PUSAT,SENEN,KENARI,WNA,Perempuan,
2015,PROVINSI DKI JAKARTA,JAKARTA PUSAT,SENEN,PASEBAN,WNA,Perempuan,
2015,PROVINSI DKI JAKARTA,JAKARTA PUSAT,SENEN,KRAMAT,WNA,Perempuan,2
2015,PROVINSI DKI JAKARTA,JAKARTA PUSAT,SENEN,KWITANG,WNA,Perempuan,
2015,PROVINSI DKI JAKARTA,JAKARTA PUSAT,SENEN,BUNGUR,WNA,Perempuan,2
2015,PROVINSI DKI JAKARTA,JAKARTA PUSAT,CEMPAKA PUTIH,CEMPAKA PUTIH TIMUR,WNA,Perempuan,13
2015,PROVINSI DKI JAKARTA,JAKARTA PUSAT,CEMPAKA PUTIH,CEMPAKA PUTIH BARAT,WNA,Perempuan,2
2015,PROVINSI DKI JAKARTA,JAKARTA PUSAT,CEMPAKA PUTIH,RAWASARI,WNA,Perempuan,1
2015,PROVINSI DKI JAKARTA,JAKARTA PUSAT,MENTENG,MENTENG,WNA,Perempuan,8
2015,PROVINSI DKI JAKARTA,JAKARTA PUSAT,MENTENG,PEGANGSAAN,WNA,Perempuan,
2015,PROVINSI DKI JAKARTA,JAKARTA PUSAT,MENTENG,CIKINI,WNA,Perempuan,2
2015,PROVINSI DKI JAKARTA,JAKARTA PUSAT,MENTENG,GONDANGDIA,WNA,Perempuan,12
2015,PROVINSI DKI JAKARTA,JAKARTA PUSAT,MENTENG,KEBON SIRIH,WNA,Perempuan,
2015,PROVINSI DKI JAKARTA,JAKARTA PUSAT,TANAH ABANG,GELORA,WNA,Perempuan,2
2015,PROVINSI DKI JAKARTA,JAKARTA PUSAT,TANAH ABANG,BENDUNGAN HILIR,WNA,Perempuan,4
2015,PROVINSI DKI JAKARTA,JAKARTA PUSAT,TANAH ABANG,KARET TENGSIN,WNA,Perempuan,6
2015,PROVINSI DKI JAKARTA,JAKARTA PUSAT,TANAH ABANG,PETAMBURAN,WNA,Perempuan,14
2015,PROVINSI DKI JAKARTA,JAKARTA PUSAT,TANAH ABANG,KEBON MELATI,WNA,Perempuan,4
2015,PROVINSI DKI JAKARTA,JAKARTA PUSAT,TANAH ABANG,KEBON KACANG,WNA,Perempuan,6
2015,PROVINSI DKI JAKARTA,JAKARTA PUSAT,TANAH ABANG,KAMPUNG BALI,WNA,Perempuan,2
2015,PROVINSI DKI JAKARTA,JAKARTA PUSAT,JOHAR BARU,JOHAR BARU,WNA,Perempuan,
2015,PROVINSI DKI JAKARTA,JAKARTA PUSAT,JOHAR BARU,KAMPUNG RAWA,WNA,Perempuan,
2015,PROVINSI DKI JAKARTA,JAKARTA PUSAT,JOHAR BARU,GALUR,WNA,Perempuan,
2015,PROVINSI DKI JAKARTA,JAKARTA PUSAT,JOHAR BARU,TANAH TINGGI,WNA,Perempuan,
2015,PROVINSI DKI JAKARTA,JAKARTA UTARA,PENJARINGAN,PENJARINGAN,WNA,Perempuan,14
2015,PROVINSI DKI JAKARTA,JAKARTA UTARA,PENJARINGAN,KAMAL MUARA,WNA,Perempuan,11
2015,PROVINSI DKI JAKARTA,JAKARTA UTARA,PENJARINGAN,KAPUK MUARA,WNA,Perempuan,11
2015,PROVINSI DKI JAKARTA,JAKARTA UTARA,PENJARINGAN,PEJAGALAN,WNA,Perempuan,8
2015,PROVINSI DKI JAKARTA,JAKARTA UTARA,PENJARINGAN,PLUIT,WNA,Perempuan,27
2015,PROVINSI DKI JAKARTA,JAKARTA UTARA,TANJUNG PRIOK,TANJUNG PRIOK,WNA,Perempuan,
2015,PROVINSI DKI JAKARTA,JAKARTA UTARA,TANJUNG PRIOK,SUNTER JAYA,WNA,Perempuan,15
2015,PROVINSI DKI JAKARTA,JAKARTA UTARA,TANJUNG PRIOK,PAPANGGO,WNA,Perempuan,22
2015,PROVINSI DKI JAKARTA,JAKARTA UTARA,TANJUNG PRIOK,SUNGAI BAMBU,WNA,Perempuan,
2015,PROVINSI DKI JAKARTA,JAKARTA UTARA,TANJUNG PRIOK,KEBON BAWANG,WNA,Perempuan,1
2015,PROVINSI DKI JAKARTA,JAKARTA UTARA,TANJUNG PRIOK,SUNTER AGUNG,WNA,Perempuan,66
2015,PROVINSI DKI JAKARTA,JAKARTA UTARA,TANJUNG PRIOK,WARAKAS,WNA,Perempuan,1
2015,PROVINSI DKI JAKARTA,JAKARTA UTARA,KOJA,KOJA,WNA,Perempuan,3
2015,PROVINSI DKI JAKARTA,JAKARTA UTARA,KOJA,TUGU UTARA,WNA,Perempuan,
2015,PROVINSI DKI JAKARTA,JAKARTA UTARA,KOJA,LAGOA,WNA,Perempuan,
2015,PROVINSI DKI JAKARTA,JAKARTA UTARA,KOJA,RAWA BADAK UTARA,WNA,Perempuan,
2015,PROVINSI DKI JAKARTA,JAKARTA UTARA,KOJA,TUGU SELATAN,WNA,Perempuan,1
2015,PROVINSI DKI JAKARTA,JAKARTA UTARA,KOJA,RAWA BADAK SELATAN,WNA,Perempuan,1
2015,PROVINSI DKI JAKARTA,JAKARTA UTARA,CILINCING,CILINCING,WNA,Perempuan,
2015,PROVINSI DKI JAKARTA,JAKARTA UTARA,CILINCING,SUKAPURA,WNA,Perempuan,
2015,PROVINSI DKI JAKARTA,JAKARTA UTARA,CILINCING,MARUNDA,WNA,Perempuan,
2015,PROVINSI DKI JAKARTA,JAKARTA UTARA,CILINCING,KALI BARU,WNA,Perempuan,
2015,PROVINSI DKI JAKARTA,JAKARTA UTARA,CILINCING,SEMPER TIMUR,WNA,Perempuan,
2015,PROVINSI DKI JAKARTA,JAKARTA UTARA,CILINCING,ROROTAN,WNA,Perempuan,
2015,PROVINSI DKI JAKARTA,JAKARTA UTARA,CILINCING,SEMPER BARAT,WNA,Perempuan,
2015,PROVINSI DKI JAKARTA,JAKARTA UTARA,PADEMANGAN,PADEMANGAN TIMUR,WNA,Perempuan,5
2015,PROVINSI DKI JAKARTA,JAKARTA UTARA,PADEMANGAN,PADEMANGAN BARAT,WNA,Perempuan,17
2015,PROVINSI DKI JAKARTA,JAKARTA UTARA,PADEMANGAN,ANCOL,WNA,Perempuan,12
2015,PROVINSI DKI JAKARTA,JAKARTA UTARA,KELAPA GADING,KELAPA GADING TIMUR,WNA,Perempuan,15
2015,PROVINSI DKI JAKARTA,JAKARTA UTARA,KELAPA GADING,PEGANGSAAN DUA,WNA,Perempuan,18
2015,PROVINSI DKI JAKARTA,JAKARTA UTARA,KELAPA GADING,KELAPA GADING BARAT,WNA,Perempuan,51
2015,PROVINSI DKI JAKARTA,JAKARTA BARAT,CENGKARENG,CENGKARENG BARAT,WNA,Perempuan,3
2015,PROVINSI DKI JAKARTA,JAKARTA BARAT,CENGKARENG,DURI KOSAMBI,WNA,Perempuan,3
2015,PROVINSI DKI JAKARTA,JAKARTA BARAT,CENGKARENG,RAWA BUAYA,WNA,Perempuan,2
2015,PROVINSI DKI JAKARTA,JAKARTA BARAT,CENGKARENG,KEDAUNG KALI ANGKE,WNA,Perempuan,
2015,PROVINSI DKI JAKARTA,JAKARTA BARAT,CENGKARENG,KAPUK,WNA,Perempuan,1
2015,PROVINSI DKI JAKARTA,JAKARTA BARAT,CENGKARENG,CENGKARENG TIMUR,WNA,Perempuan,4
2015,PROVINSI DKI JAKARTA,JAKARTA BARAT,GROGOL PETAMBURAN,GROGOL,WNA,Perempuan,1
2015,PROVINSI DKI JAKARTA,JAKARTA BARAT,GROGOL PETAMBURAN,TANJUNG DUREN UTARA,WNA,Perempuan,3
2015,PROVINSI DKI JAKARTA,JAKARTA BARAT,GROGOL PETAMBURAN,TOMANG,WNA,Perempuan,3
2015,PROVINSI DKI JAKARTA,JAKARTA BARAT,GROGOL PETAMBURAN,JELAMBAR,WNA,Perempuan,4
2015,PROVINSI DKI JAKARTA,JAKARTA BARAT,GROGOL PETAMBURAN,TANJUNG DUREN SELATAN,WNA,Perempuan,13
2015,PROVINSI DKI JAKARTA,JAKARTA BARAT,GROGOL PETAMBURAN,JELAMBAR BARU,WNA,Perempuan,3
2015,PROVINSI DKI JAKARTA,JAKARTA BARAT,GROGOL PETAMBURAN,WIJAYA KUSUMA,WNA,Perempuan,3
2015,PROVINSI DKI JAKARTA,JAKARTA BARAT,TAMAN SARI,TAMAN SARI,WNA,Perempuan,1
2015,PROVINSI DKI JAKARTA,JAKARTA BARAT,TAMAN SARI,KRUKUT,WNA,Perempuan,2
2015,PROVINSI DKI JAKARTA,JAKARTA BARAT,TAMAN SARI,MAPHAR,WNA,Perempuan,6
2015,PROVINSI DKI JAKARTA,JAKARTA BARAT,TAMAN SARI,TANGKI,WNA,Perempuan,
2015,PROVINSI DKI JAKARTA,JAKARTA BARAT,TAMAN SARI,MANGGA BESAR,WNA,Perempuan,
2015,PROVINSI DKI JAKARTA,JAKARTA BARAT,TAMAN SARI,KEAGUNGAN,WNA,Perempuan,2
2015,PROVINSI DKI JAKARTA,JAKARTA BARAT,TAMAN SARI,GLODOK,WNA,Perempuan,1
2015,PROVINSI DKI JAKARTA,JAKARTA BARAT,TAMAN SARI,PINANGSIA,WNA,Perempuan,4
2015,PROVINSI DKI JAKARTA,JAKARTA BARAT,TAMBORA,TAMBORA,WNA,Perempuan,1
2015,PROVINSI DKI JAKARTA,JAKARTA BARAT,TAMBORA,KALI ANYAR,WNA,Perempuan,
2015,PROVINSI DKI JAKARTA,JAKARTA BARAT,TAMBORA,DURI UTARA,WNA,Perempuan,
2015,PROVINSI DKI JAKARTA,JAKARTA BARAT,TAMBORA,TANAH SEREAL,WNA,Perempuan,2
2015,PROVINSI DKI JAKARTA,JAKARTA BARAT,TAMBORA,KERENDANG,WNA,Perempuan,
2015,PROVINSI DKI JAKARTA,JAKARTA BARAT,TAMBORA,JEMBATAN BESI,WNA,Perempuan,1
2015,PROVINSI DKI JAKARTA,JAKARTA BARAT,TAMBORA,ANGKE,WNA,Perempuan,2
2015,PROVINSI DKI JAKARTA,JAKARTA BARAT,TAMBORA,JEMBATAN LIMA,WNA,Perempuan,1
2015,PROVINSI DKI JAKARTA,JAKARTA BARAT,TAMBORA,PEKOJAN,WNA,Perempuan,1
2015,PROVINSI DKI JAKARTA,JAKARTA BARAT,TAMBORA,ROA MALAKA,WNA,Perempuan,2
2015,PROVINSI DKI JAKARTA,JAKARTA BARAT,TAMBORA,DURI SELATAN,WNA,Perempuan,1
2015,PROVINSI DKI JAKARTA,JAKARTA BARAT,KEBON JERUK,KEBON JERUK,WNA,Perempuan,18
2015,PROVINSI DKI JAKARTA,JAKARTA BARAT,KEBON JERUK,SUKABUMI UTARA,WNA,Perempuan,1
2015,PROVINSI DKI JAKARTA,JAKARTA BARAT,KEBON JERUK,SUKABUMI SELATAN,WNA,Perempuan,
2015,PROVINSI DKI JAKARTA,JAKARTA BARAT,KEBON JERUK,KELAPA DUA,WNA,Perempuan,2
2015,PROVINSI DKI JAKARTA,JAKARTA BARAT,KEBON JERUK,DURI KEPA,WNA,Perempuan,12
2015,PROVINSI DKI JAKARTA,JAKARTA BARAT,KEBON JERUK,KEDOYA UTARA,WNA,Perempuan,4
2015,PROVINSI DKI JAKARTA,JAKARTA BARAT,KEBON JERUK,KEDOYA SELATAN,WNA,Perempuan,10
2015,PROVINSI DKI JAKARTA,JAKARTA BARAT,KALI DERES,KALIDERES,WNA,Perempuan,1
2015,PROVINSI DKI JAKARTA,JAKARTA BARAT,KALI DERES,SEMANAN,WNA,Perempuan,2
2015,PROVINSI DKI JAKARTA,JAKARTA BARAT,KALI DERES,TEGAL ALUR,WNA,Perempuan,2
2015,PROVINSI DKI JAKARTA,JAKARTA BARAT,KALI DERES,KAMAL,WNA,Perempuan,
2015,PROVINSI DKI JAKARTA,JAKARTA BARAT,KALI DERES,PEGADUNGAN,WNA,Perempuan,6
2015,PROVINSI DKI JAKARTA,JAKARTA BARAT,PALMERAH,PALMERAH,WNA,Perempuan,2
2015,PROVINSI DKI JAKARTA,JAKARTA BARAT,PALMERAH,SLIPI,WNA,Perempuan,1
2015,PROVINSI DKI JAKARTA,JAKARTA BARAT,PALMERAH,KOTA BAMBU UTARA,WNA,Perempuan,
2015,PROVINSI DKI JAKARTA,JAKARTA BARAT,PALMERAH,JATI PULO,WNA,Perempuan,5
2015,PROVINSI DKI JAKARTA,JAKARTA BARAT,PALMERAH,KEMANGGISAN,WNA,Perempuan,9
2015,PROVINSI DKI JAKARTA,JAKARTA BARAT,PALMERAH,KOTA BAMBU SELATAN,WNA,Perempuan,1
2015,PROVINSI DKI JAKARTA,JAKARTA BARAT,KEMBANGAN,KEMBANGAN UTARA,WNA,Perempuan,5
2015,PROVINSI DKI JAKARTA,JAKARTA BARAT,KEMBANGAN,MERUYA UTARA,WNA,Perempuan,
2015,PROVINSI DKI JAKARTA,JAKARTA BARAT,KEMBANGAN,MERUYA SELATAN,WNA,Perempuan,1
2015,PROVINSI DKI JAKARTA,JAKARTA BARAT,KEMBANGAN,SRENGSENG,WNA,Perempuan,4
2015,PROVINSI DKI JAKARTA,JAKARTA BARAT,KEMBANGAN,JOGLO,WNA,Perempuan,2
2015,PROVINSI DKI JAKARTA,JAKARTA BARAT,KEMBANGAN,KEMBANGAN SELATAN,WNA,Perempuan,3
2015,PROVINSI DKI JAKARTA,JAKARTA SELATAN,TEBET,TEBET TIMUR,WNA,Perempuan,2
2015,PROVINSI DKI JAKARTA,JAKARTA SELATAN,TEBET,TEBET BARAT,WNA,Perempuan,6
2015,PROVINSI DKI JAKARTA,JAKARTA SELATAN,TEBET,MENTENG DALAM,WNA,Perempuan,7
2015,PROVINSI DKI JAKARTA,JAKARTA SELATAN,TEBET,KEBON BARU,WNA,Perempuan,2
2015,PROVINSI DKI JAKARTA,JAKARTA SELATAN,TEBET,BUKIT DURI,WNA,Perempuan,
2015,PROVINSI DKI JAKARTA,JAKARTA SELATAN,TEBET,MANGGARAI SELATAN,WNA,Perempuan,1
2015,PROVINSI DKI JAKARTA,JAKARTA SELATAN,TEBET,MANGGARAI,WNA,Perempuan,
2015,PROVINSI DKI JAKARTA,JAKARTA SELATAN,SETIA BUDI,SETIA BUDI,WNA,Perempuan,1
2015,PROVINSI DKI JAKARTA,JAKARTA SELATAN,SETIA BUDI,KARET SEMANGGI,WNA,Perempuan,2
2015,PROVINSI DKI JAKARTA,JAKARTA SELATAN,SETIA BUDI,KARET KUNINGAN,WNA,Perempuan,1
2015,PROVINSI DKI JAKARTA,JAKARTA SELATAN,SETIA BUDI,KARET,WNA,Perempuan,1
2015,PROVINSI DKI JAKARTA,JAKARTA SELATAN,SETIA BUDI,MENTENG ATAS,WNA,Perempuan,7
2015,PROVINSI DKI JAKARTA,JAKARTA SELATAN,SETIA BUDI,PASAR MANGGIS,WNA,Perempuan,1
2015,PROVINSI DKI JAKARTA,JAKARTA SELATAN,SETIA BUDI,GUNTUR,WNA,Perempuan,
2015,PROVINSI DKI JAKARTA,JAKARTA SELATAN,SETIA BUDI,KUNINGAN TIMUR,WNA,Perempuan,17
2015,PROVINSI DKI JAKARTA,JAKARTA SELATAN,MAMPANG PRAPATAN,MAMPANG PRAPATAN,WNA,Perempuan,1
2015,PROVINSI DKI JAKARTA,JAKARTA SELATAN,MAMPANG PRAPATAN,BANGKA,WNA,Perempuan,32
2015,PROVINSI DKI JAKARTA,JAKARTA SELATAN,MAMPANG PRAPATAN,PELA MAMPANG,WNA,Perempuan,7
2015,PROVINSI DKI JAKARTA,JAKARTA SELATAN,MAMPANG PRAPATAN,TEGAL PARANG,WNA,Perempuan,
2015,PROVINSI DKI JAKARTA,JAKARTA SELATAN,MAMPANG PRAPATAN,KUNINGAN BARAT,WNA,Perempuan,
2015,PROVINSI DKI JAKARTA,JAKARTA SELATAN,PASAR MINGGU,PASAR MINGGU,WNA,Perempuan,2
2015,PROVINSI DKI JAKARTA,JAKARTA SELATAN,PASAR MINGGU,JATI PADANG,WNA,Perempuan,
2015,PROVINSI DKI JAKARTA,JAKARTA SELATAN,PASAR MINGGU,CILANDAK TIMUR,WNA,Perempuan,4
2015,PROVINSI DKI JAKARTA,JAKARTA SELATAN,PASAR MINGGU,RAGUNAN,WNA,Perempuan,
2015,PROVINSI DKI JAKARTA,JAKARTA SELATAN,PASAR MINGGU,PEJATEN TIMUR,WNA,Perempuan,
2015,PROVINSI DKI JAKARTA,JAKARTA SELATAN,PASAR MINGGU,PEJATEN BARAT,WNA,Perempuan,4
2015,PROVINSI DKI JAKARTA,JAKARTA SELATAN,PASAR MINGGU,KEBAGUSAN,WNA,Perempuan,2
2015,PROVINSI DKI JAKARTA,JAKARTA SELATAN,KEBAYORAN LAMA,KEBAYORAN LAMA UTARA,WNA,Perempuan,6
2015,PROVINSI DKI JAKARTA,JAKARTA SELATAN,KEBAYORAN LAMA,PONDOK PINANG,WNA,Perempuan,37
2015,PROVINSI DKI JAKARTA,JAKARTA SELATAN,KEBAYORAN LAMA,CIPULIR,WNA,Perempuan,2
2015,PROVINSI DKI JAKARTA,JAKARTA SELATAN,KEBAYORAN LAMA,GROGOL UTARA,WNA,Perempuan,24
2015,PROVINSI DKI JAKARTA,JAKARTA SELATAN,KEBAYORAN LAMA,GROGOL SELATAN,WNA,Perempuan,18
2015,PROVINSI DKI JAKARTA,JAKARTA SELATAN,KEBAYORAN LAMA,KEBAYORAN LAMA SELATAN,WNA,Perempuan,4
2015,PROVINSI DKI JAKARTA,JAKARTA SELATAN,CILANDAK,CILANDAK BARAT,WNA,Perempuan,33
2015,PROVINSI DKI JAKARTA,JAKARTA SELATAN,CILANDAK,LEBAK BULUS,WNA,Perempuan,8
2015,PROVINSI DKI JAKARTA,JAKARTA SELATAN,CILANDAK,PONDOK LABU,WNA,Perempuan,6
2015,PROVINSI DKI JAKARTA,JAKARTA SELATAN,CILANDAK,GANDARIA SELATAN,WNA,Perempuan,2
2015,PROVINSI DKI JAKARTA,JAKARTA SELATAN,CILANDAK,CIPETE SELATAN,WNA,Perempuan,16
2015,PROVINSI DKI JAKARTA,JAKARTA SELATAN,KEBAYORAN BARU,MELAWAI,WNA,Perempuan,1
2015,PROVINSI DKI JAKARTA,JAKARTA SELATAN,KEBAYORAN BARU,GUNUNG,WNA,Perempuan,17
2015,PROVINSI DKI JAKARTA,JAKARTA SELATAN,KEBAYORAN BARU,KRAMAT PELA,WNA,Perempuan,3
2015,PROVINSI DKI JAKARTA,JAKARTA SELATAN,KEBAYORAN BARU,SELONG,WNA,Perempuan,3
2015,PROVINSI DKI JAKARTA,JAKARTA SELATAN,KEBAYORAN BARU,RAWA BARAT,WNA,Perempuan,3
2015,PROVINSI DKI JAKARTA,JAKARTA SELATAN,KEBAYORAN BARU,SENAYAN,WNA,Perempuan,15
2015,PROVINSI DKI JAKARTA,JAKARTA SELATAN,KEBAYORAN BARU,PULO,WNA,Perempuan,3
2015,PROVINSI DKI JAKARTA,JAKARTA SELATAN,KEBAYORAN BARU,PETOGOGAN,WNA,Perempuan,1
2015,PROVINSI DKI JAKARTA,JAKARTA SELATAN,KEBAYORAN BARU,GANDARIA UTARA,WNA,Perempuan,5
2015,PROVINSI DKI JAKARTA,JAKARTA SELATAN,KEBAYORAN BARU,CIPETE UTARA,WNA,Perempuan,20
2015,PROVINSI DKI JAKARTA,JAKARTA SELATAN,PANCORAN,PANCORAN,WNA,Perempuan,3
2015,PROVINSI DKI JAKARTA,JAKARTA SELATAN,PANCORAN,KALIBATA,WNA,Perempuan,2
2015,PROVINSI DKI JAKARTA,JAKARTA SELATAN,PANCORAN,RAWA JATI,WNA,Perempuan,4
2015,PROVINSI DKI JAKARTA,JAKARTA SELATAN,PANCORAN,DUREN TIGA,WNA,Perempuan,2
2015,PROVINSI DKI JAKARTA,JAKARTA SELATAN,PANCORAN,PENGADEGAN,WNA,Perempuan,2
2015,PROVINSI DKI JAKARTA,JAKARTA SELATAN,PANCORAN,CIKOKO,WNA,Perempuan,
2015,PROVINSI DKI JAKARTA,JAKARTA SELATAN,JAGAKARSA,JAGAKARSA,WNA,Perempuan,2
2015,PROVINSI DKI JAKARTA,JAKARTA SELATAN,JAGAKARSA,SRENGSENG SAWAH,WNA,Perempuan,
2015,PROVINSI DKI JAKARTA,JAKARTA SELATAN,JAGAKARSA,CIGANJUR,WNA,Perempuan,4
2015,PROVINSI DKI JAKARTA,JAKARTA SELATAN,JAGAKARSA,LENTENG AGUNG,WNA,Perempuan,
2015,PROVINSI DKI JAKARTA,JAKARTA SELATAN,JAGAKARSA,TANJUNG BARAT,WNA,Perempuan,5
2015,PROVINSI DKI JAKARTA,JAKARTA SELATAN,JAGAKARSA,CIPEDAK,WNA,Perempuan,
2015,PROVINSI DKI JAKARTA,JAKARTA SELATAN,PESANGGRAHAN,PESANGGRAHAN,WNA,Perempuan,
2015,PROVINSI DKI JAKARTA,JAKARTA SELATAN,PESANGGRAHAN,BINTARO,WNA,Perempuan,3
2015,PROVINSI DKI JAKARTA,JAKARTA SELATAN,PESANGGRAHAN,PETUKANGAN UTARA,WNA,Perempuan,
2015,PROVINSI DKI JAKARTA,JAKARTA SELATAN,PESANGGRAHAN,PETUKANGAN SELATAN,WNA,Perempuan,1
2015,PROVINSI DKI JAKARTA,JAKARTA SELATAN,PESANGGRAHAN,ULUJAMI,WNA,Perempuan,1
2015,PROVINSI DKI JAKARTA,JAKARTA TIMUR,MATRAMAN,PISANGAN BARU,WNA,Perempuan,1
2015,PROVINSI DKI JAKARTA,JAKARTA TIMUR,MATRAMAN,UTAN KAYU UTARA,WNA,Perempuan,
2015,PROVINSI DKI JAKARTA,JAKARTA TIMUR,MATRAMAN,KAYU MANIS,WNA,Perempuan,1
2015,PROVINSI DKI JAKARTA,JAKARTA TIMUR,MATRAMAN,PAL MERIAM,WNA,Perempuan,2
2015,PROVINSI DKI JAKARTA,JAKARTA TIMUR,MATRAMAN,KEBON MANGGIS,WNA,Perempuan,
2015,PROVINSI DKI JAKARTA,JAKARTA TIMUR,MATRAMAN,UTAN KAYU SELATAN,WNA,Perempuan,
2015,PROVINSI DKI JAKARTA,JAKARTA TIMUR,PULO GADUNG,PULO GADUNG,WNA,Perempuan,2
2015,PROVINSI DKI JAKARTA,JAKARTA TIMUR,PULO GADUNG,PISANGAN TIMUR,WNA,Perempuan,
2015,PROVINSI DKI JAKARTA,JAKARTA TIMUR,PULO GADUNG,CIPINANG,WNA,Perempuan,2
2015,PROVINSI DKI JAKARTA,JAKARTA TIMUR,PULO GADUNG,JATINEGARA KAUM,WNA,Perempuan,1
2015,PROVINSI DKI JAKARTA,JAKARTA TIMUR,PULO GADUNG,RAWAMANGUN,WNA,Perempuan,
2015,PROVINSI DKI JAKARTA,JAKARTA TIMUR,PULO GADUNG,KAYU PUTIH,WNA,Perempuan,24
2015,PROVINSI DKI JAKARTA,JAKARTA TIMUR,PULO GADUNG,JATI,WNA,Perempuan,3
2015,PROVINSI DKI JAKARTA,JAKARTA TIMUR,JATINEGARA,KAMPUNG MELAYU,WNA,Perempuan,
2015,PROVINSI DKI JAKARTA,JAKARTA TIMUR,JATINEGARA,BIDARA CINA,WNA,Perempuan,2
2015,PROVINSI DKI JAKARTA,JAKARTA TIMUR,JATINEGARA,BALI MESTER,WNA,Perempuan,
2015,PROVINSI DKI JAKARTA,JAKARTA TIMUR,JATINEGARA,RAWA BUNGA,WNA,Perempuan,
2015,PROVINSI DKI JAKARTA,JAKARTA TIMUR,JATINEGARA,CIPINANG CEMPEDAK,WNA,Perempuan,1
2015,PROVINSI DKI JAKARTA,JAKARTA TIMUR,JATINEGARA,CIPINANG MUARA,WNA,Perempuan,2
2015,PROVINSI DKI JAKARTA,JAKARTA TIMUR,JATINEGARA,CIPINANG BESAR SELATAN,WNA,Perempuan,
2015,PROVINSI DKI JAKARTA,JAKARTA TIMUR,JATINEGARA,CIPINANG BESAR UTARA,WNA,Perempuan,
2015,PROVINSI DKI JAKARTA,JAKARTA TIMUR,KRAMAT JATI,KRAMAT JATI,WNA,Perempuan,
2015,PROVINSI DKI JAKARTA,JAKARTA TIMUR,KRAMAT JATI,KAMPUNG TENGAH,WNA,Perempuan,
2015,PROVINSI DKI JAKARTA,JAKARTA TIMUR,KRAMAT JATI,DUKUH,WNA,Perempuan,1
2015,PROVINSI DKI JAKARTA,JAKARTA TIMUR,KRAMAT JATI,BATU AMPAR,WNA,Perempuan,
2015,PROVINSI DKI JAKARTA,JAKARTA TIMUR,KRAMAT JATI,BALE KAMBANG,WNA,Perempuan,
2015,PROVINSI DKI JAKARTA,JAKARTA TIMUR,KRAMAT JATI,CILILITAN,WNA,Perempuan,2
2015,PROVINSI DKI JAKARTA,JAKARTA TIMUR,KRAMAT JATI,CAWANG,WNA,Perempuan,
2015,PROVINSI DKI JAKARTA,JAKARTA TIMUR,PASAR REBO,GEDONG,WNA,Perempuan,5
2015,PROVINSI DKI JAKARTA,JAKARTA TIMUR,PASAR REBO,BARU,WNA,Perempuan,
2015,PROVINSI DKI JAKARTA,JAKARTA TIMUR,PASAR REBO,CIJANTUNG,WNA,Perempuan,1
2015,PROVINSI DKI JAKARTA,JAKARTA TIMUR,PASAR REBO,KALISARI,WNA,Perempuan,
2015,PROVINSI DKI JAKARTA,JAKARTA TIMUR,PASAR REBO,PEKAYON,WNA,Perempuan,
2015,PROVINSI DKI JAKARTA,JAKARTA TIMUR,CAKUNG,JATINEGARA,WNA,Perempuan,
2015,PROVINSI DKI JAKARTA,JAKARTA TIMUR,CAKUNG,RAWA TERATE,WNA,Perempuan,
2015,PROVINSI DKI JAKARTA,JAKARTA TIMUR,CAKUNG,PENGGILINGAN,WNA,Perempuan,
2015,PROVINSI DKI JAKARTA,JAKARTA TIMUR,CAKUNG,CAKUNG TIMUR,WNA,Perempuan,
2015,PROVINSI DKI JAKARTA,JAKARTA TIMUR,CAKUNG,PULO GEBANG,WNA,Perempuan,1
2015,PROVINSI DKI JAKARTA,JAKARTA TIMUR,CAKUNG,UJUNG MENTENG,WNA,Perempuan,1
2015,PROVINSI DKI JAKARTA,JAKARTA TIMUR,CAKUNG,CAKUNG BARAT,WNA,Perempuan,
2015,PROVINSI DKI JAKARTA,JAKARTA TIMUR,DUREN SAWIT,DUREN SAWIT,WNA,Perempuan,2
2015,PROVINSI DKI JAKARTA,JAKARTA TIMUR,DUREN SAWIT,PONDOK BAMBU,WNA,Perempuan,3
2015,PROVINSI DKI JAKARTA,JAKARTA TIMUR,DUREN SAWIT,KLENDER,WNA,Perempuan,1
2015,PROVINSI DKI JAKARTA,JAKARTA TIMUR,DUREN SAWIT,PONDOK KELAPA,WNA,Perempuan,3
2015,PROVINSI DKI JAKARTA,JAKARTA TIMUR,DUREN SAWIT,MALAKA SARI,WNA,Perempuan,1
2015,PROVINSI DKI JAKARTA,JAKARTA TIMUR,DUREN SAWIT,MALAKA JAYA,WNA,Perempuan,
2015,PROVINSI DKI JAKARTA,JAKARTA TIMUR,DUREN SAWIT,PONDOK KOPI,WNA,Perempuan,
2015,PROVINSI DKI JAKARTA,JAKARTA TIMUR,MAKASAR,MAKASAR,WNA,Perempuan,1
2015,PROVINSI DKI JAKARTA,JAKARTA TIMUR,MAKASAR,PINANG RANTI,WNA,Perempuan,
2015,PROVINSI DKI JAKARTA,JAKARTA TIMUR,MAKASAR,KEBON PALA,WNA,Perempuan,
2015,PROVINSI DKI JAKARTA,JAKARTA TIMUR,MAKASAR,HALIM PERDANA KUSUMAH,WNA,Perempuan,
2015,PROVINSI DKI JAKARTA,JAKARTA TIMUR,MAKASAR,CIPINANG MELAYU,WNA,Perempuan,
2015,PROVINSI DKI JAKARTA,JAKARTA TIMUR,CIRACAS,CIRACAS,WNA,Perempuan,
2015,PROVINSI DKI JAKARTA,JAKARTA TIMUR,CIRACAS,CIBUBUR,WNA,Perempuan,
2015,PROVINSI DKI JAKARTA,JAKARTA TIMUR,CIRACAS,KELAPA DUA WETAN,WNA,Perempuan,
2015,PROVINSI DKI JAKARTA,JAKARTA TIMUR,CIRACAS,SUSUKAN,WNA,Perempuan,
2015,PROVINSI DKI JAKARTA,JAKARTA TIMUR,CIRACAS,RAMBUTAN,WNA,Perempuan,
2015,PROVINSI DKI JAKARTA,JAKARTA TIMUR,CIPAYUNG,CIPAYUNG,WNA,Perempuan,1
2015,PROVINSI DKI JAKARTA,JAKARTA TIMUR,CIPAYUNG,CILANGKAP,WNA,Perempuan,2
2015,PROVINSI DKI JAKARTA,JAKARTA TIMUR,CIPAYUNG,PONDOK RANGGON,WNA,Perempuan,
2015,PROVINSI DKI JAKARTA,JAKARTA TIMUR,CIPAYUNG,MUNJUL,WNA,Perempuan,
2015,PROVINSI DKI JAKARTA,JAKARTA TIMUR,CIPAYUNG,SETU,WNA,Perempuan,1
2015,PROVINSI DKI JAKARTA,JAKARTA TIMUR,CIPAYUNG,BAMBU APUS,WNA,Perempuan,
2015,PROVINSI DKI JAKARTA,JAKARTA TIMUR,CIPAYUNG,LUBANG BUAYA,WNA,Perempuan,
2015,PROVINSI DKI JAKARTA,JAKARTA TIMUR,CIPAYUNG,CEGER,WNA,Perempuan,1
