tahun,provinsi,kabupaten_kota,kecamatan,kelurahan,jenis_kelamin,jumlah
2014,PROVINSI DKI JAKARTA,KAB.ADM.KEP.SERIBU,KEP. SERIBU UTR,P. PANGGANG,Laki-laki,1507
2014,PROVINSI DKI JAKARTA,KAB.ADM.KEP.SERIBU,KEP. SERIBU UTR,P. KELAPA,Laki-laki,1581
2014,PROVINSI DKI JAKARTA,KAB.ADM.KEP.SERIBU,KEP. SERIBU UTR,P. HARAPAN,Laki-laki,557
2014,PROVINSI DKI JAKARTA,KAB.ADM.KEP.SERIBU,KEP. SERIBU SLT,P. UNTUNG JAWA,Laki-laki,529
2014,PROVINSI DKI JAKARTA,KAB.ADM.KEP.SERIBU,KEP. SERIBU SLT,P. TIDUNG,Laki-laki,1223
2014,PROVINSI DKI JAKARTA,KAB.ADM.KEP.SERIBU,KEP. SERIBU SLT,P. PARI,Laki-laki,696
2014,PROVINSI DKI JAKARTA,JAKARTA PUSAT,GAMBIR,GAMBIR,Laki-laki,864
2014,PROVINSI DKI JAKARTA,JAKARTA PUSAT,GAMBIR,CIDENG,Laki-laki,4760
2014,PROVINSI DKI JAKARTA,JAKARTA PUSAT,GAMBIR,PETOJO UTARA,Laki-laki,5293
2014,PROVINSI DKI JAKARTA,JAKARTA PUSAT,GAMBIR,PETOJO SELATAN,Laki-laki,4611
2014,PROVINSI DKI JAKARTA,JAKARTA PUSAT,GAMBIR,KEBON KELAPA,Laki-laki,3117
2014,PROVINSI DKI JAKARTA,JAKARTA PUSAT,GAMBIR,DURI PULO,Laki-laki,6080
2014,PROVINSI DKI JAKARTA,JAKARTA PUSAT,SAWAH BESAR,PASAR BARU,Laki-laki,3904
2014,PROVINSI DKI JAKARTA,JAKARTA PUSAT,SAWAH BESAR,KARANG ANYAR,Laki-laki,8337
2014,PROVINSI DKI JAKARTA,JAKARTA PUSAT,SAWAH BESAR,KARTINI,Laki-laki,6869
2014,PROVINSI DKI JAKARTA,JAKARTA PUSAT,SAWAH BESAR,GUNUNG SAHARI UTARA,Laki-laki,4829
2014,PROVINSI DKI JAKARTA,JAKARTA PUSAT,SAWAH BESAR,MANGGA DUA SELATAN,Laki-laki,9374
2014,PROVINSI DKI JAKARTA,JAKARTA PUSAT,KEMAYORAN,KEMAYORAN,Laki-laki,6288
2014,PROVINSI DKI JAKARTA,JAKARTA PUSAT,KEMAYORAN,KEBON KOSONG,Laki-laki,8004
2014,PROVINSI DKI JAKARTA,JAKARTA PUSAT,KEMAYORAN,HARAPAN MULIA,Laki-laki,6687
2014,PROVINSI DKI JAKARTA,JAKARTA PUSAT,KEMAYORAN,SERDANG,Laki-laki,9126
2014,PROVINSI DKI JAKARTA,JAKARTA PUSAT,KEMAYORAN,GUNUNG SAHARI SELATAN,Laki-laki,5927
2014,PROVINSI DKI JAKARTA,JAKARTA PUSAT,KEMAYORAN,CEMPAKA BARU,Laki-laki,9896
2014,PROVINSI DKI JAKARTA,JAKARTA PUSAT,KEMAYORAN,SUMUR BATU,Laki-laki,6948
2014,PROVINSI DKI JAKARTA,JAKARTA PUSAT,KEMAYORAN,UTAN PANJANG,Laki-laki,8728
2014,PROVINSI DKI JAKARTA,JAKARTA PUSAT,SENEN,SENEN,Laki-laki,2330
2014,PROVINSI DKI JAKARTA,JAKARTA PUSAT,SENEN,KENARI,Laki-laki,2691
2014,PROVINSI DKI JAKARTA,JAKARTA PUSAT,SENEN,PASEBAN,Laki-laki,7135
2014,PROVINSI DKI JAKARTA,JAKARTA PUSAT,SENEN,KRAMAT,Laki-laki,8786
2014,PROVINSI DKI JAKARTA,JAKARTA PUSAT,SENEN,KWITANG,Laki-laki,4592
2014,PROVINSI DKI JAKARTA,JAKARTA PUSAT,SENEN,BUNGUR,Laki-laki,5735
2014,PROVINSI DKI JAKARTA,JAKARTA PUSAT,CEMPAKA PUTIH,CEMPAKA PUTIH TIMUR,Laki-laki,7316
2014,PROVINSI DKI JAKARTA,JAKARTA PUSAT,CEMPAKA PUTIH,CEMPAKA PUTIH BARAT,Laki-laki,10278
2014,PROVINSI DKI JAKARTA,JAKARTA PUSAT,CEMPAKA PUTIH,RAWASARI,Laki-laki,6652
2014,PROVINSI DKI JAKARTA,JAKARTA PUSAT,MENTENG,MENTENG,Laki-laki,7231
2014,PROVINSI DKI JAKARTA,JAKARTA PUSAT,MENTENG,PEGANGSAAN,Laki-laki,6688
2014,PROVINSI DKI JAKARTA,JAKARTA PUSAT,MENTENG,CIKINI,Laki-laki,2436
2014,PROVINSI DKI JAKARTA,JAKARTA PUSAT,MENTENG,GONDANGDIA,Laki-laki,1108
2014,PROVINSI DKI JAKARTA,JAKARTA PUSAT,MENTENG,KEBON SIRIH,Laki-laki,4082
2014,PROVINSI DKI JAKARTA,JAKARTA PUSAT,TANAH ABANG,GELORA,Laki-laki,962
2014,PROVINSI DKI JAKARTA,JAKARTA PUSAT,TANAH ABANG,BENDUNGAN HILIR,Laki-laki,6530
2014,PROVINSI DKI JAKARTA,JAKARTA PUSAT,TANAH ABANG,KARET TENGSIN,Laki-laki,5796
2014,PROVINSI DKI JAKARTA,JAKARTA PUSAT,TANAH ABANG,PETAMBURAN,Laki-laki,9832
2014,PROVINSI DKI JAKARTA,JAKARTA PUSAT,TANAH ABANG,KEBON MELATI,Laki-laki,10225
2014,PROVINSI DKI JAKARTA,JAKARTA PUSAT,TANAH ABANG,KEBON KACANG,Laki-laki,6328
2014,PROVINSI DKI JAKARTA,JAKARTA PUSAT,TANAH ABANG,KAMPUNG BALI,Laki-laki,3448
2014,PROVINSI DKI JAKARTA,JAKARTA PUSAT,JOHAR BARU,JOHAR BARU,Laki-laki,10525
2014,PROVINSI DKI JAKARTA,JAKARTA PUSAT,JOHAR BARU,KAMPUNG RAWA,Laki-laki,6563
2014,PROVINSI DKI JAKARTA,JAKARTA PUSAT,JOHAR BARU,GALUR,Laki-laki,5476
2014,PROVINSI DKI JAKARTA,JAKARTA PUSAT,JOHAR BARU,TANAH TINGGI,Laki-laki,11115
2014,PROVINSI DKI JAKARTA,JAKARTA UTARA,PENJARINGAN,PENJARINGAN,Laki-laki,30391
2014,PROVINSI DKI JAKARTA,JAKARTA UTARA,PENJARINGAN,KAMAL MUARA,Laki-laki,3056
2014,PROVINSI DKI JAKARTA,JAKARTA UTARA,PENJARINGAN,KAPUK MUARA,Laki-laki,8729
2014,PROVINSI DKI JAKARTA,JAKARTA UTARA,PENJARINGAN,PEJAGALAN,Laki-laki,22476
2014,PROVINSI DKI JAKARTA,JAKARTA UTARA,PENJARINGAN,PLUIT,Laki-laki,12023
2014,PROVINSI DKI JAKARTA,JAKARTA UTARA,TANJUNG PRIOK,TANJUNG PRIOK,Laki-laki,10405
2014,PROVINSI DKI JAKARTA,JAKARTA UTARA,TANJUNG PRIOK,SUNTER JAYA,Laki-laki,17362
2014,PROVINSI DKI JAKARTA,JAKARTA UTARA,TANJUNG PRIOK,PAPANGGO,Laki-laki,11285
2014,PROVINSI DKI JAKARTA,JAKARTA UTARA,TANJUNG PRIOK,SUNGAI BAMBU,Laki-laki,8851
2014,PROVINSI DKI JAKARTA,JAKARTA UTARA,TANJUNG PRIOK,KEBON BAWANG,Laki-laki,15415
2014,PROVINSI DKI JAKARTA,JAKARTA UTARA,TANJUNG PRIOK,SUNTER AGUNG,Laki-laki,20106
2014,PROVINSI DKI JAKARTA,JAKARTA UTARA,TANJUNG PRIOK,WARAKAS,Laki-laki,13586
2014,PROVINSI DKI JAKARTA,JAKARTA UTARA,KOJA,KOJA,Laki-laki,8923
2014,PROVINSI DKI JAKARTA,JAKARTA UTARA,KOJA,TUGU UTARA,Laki-laki,19475
2014,PROVINSI DKI JAKARTA,JAKARTA UTARA,KOJA,LAGOA,Laki-laki,16934
2014,PROVINSI DKI JAKARTA,JAKARTA UTARA,KOJA,RAWA BADAK UTARA,Laki-laki,9976
2014,PROVINSI DKI JAKARTA,JAKARTA UTARA,KOJA,TUGU SELATAN,Laki-laki,10721
2014,PROVINSI DKI JAKARTA,JAKARTA UTARA,KOJA,RAWA BADAK SELATAN,Laki-laki,11235
2014,PROVINSI DKI JAKARTA,JAKARTA UTARA,CILINCING,CILINCING,Laki-laki,12575
2014,PROVINSI DKI JAKARTA,JAKARTA UTARA,CILINCING,SUKAPURA,Laki-laki,16880
2014,PROVINSI DKI JAKARTA,JAKARTA UTARA,CILINCING,MARUNDA,Laki-laki,6434
2014,PROVINSI DKI JAKARTA,JAKARTA UTARA,CILINCING,KALI BARU,Laki-laki,20196
2014,PROVINSI DKI JAKARTA,JAKARTA UTARA,CILINCING,SEMPER TIMUR,Laki-laki,9945
2014,PROVINSI DKI JAKARTA,JAKARTA UTARA,CILINCING,ROROTAN,Laki-laki,9603
2014,PROVINSI DKI JAKARTA,JAKARTA UTARA,CILINCING,SEMPER BARAT,Laki-laki,19827
2014,PROVINSI DKI JAKARTA,JAKARTA UTARA,PADEMANGAN,PADEMANGAN TIMUR,Laki-laki,10272
2014,PROVINSI DKI JAKARTA,JAKARTA UTARA,PADEMANGAN,PADEMANGAN BARAT,Laki-laki,22976
2014,PROVINSI DKI JAKARTA,JAKARTA UTARA,PADEMANGAN,ANCOL,Laki-laki,7528
2014,PROVINSI DKI JAKARTA,JAKARTA UTARA,KELAPA GADING,KELAPA GADING TIMUR,Laki-laki,9299
2014,PROVINSI DKI JAKARTA,JAKARTA UTARA,KELAPA GADING,PEGANGSAAN DUA,Laki-laki,13671
2014,PROVINSI DKI JAKARTA,JAKARTA UTARA,KELAPA GADING,KELAPA GADING BARAT,Laki-laki,10079
2014,PROVINSI DKI JAKARTA,JAKARTA BARAT,CENGKARENG,CENGKARENG BARAT,Laki-laki,17650
2014,PROVINSI DKI JAKARTA,JAKARTA BARAT,CENGKARENG,DURI KOSAMBI,Laki-laki,19580
2014,PROVINSI DKI JAKARTA,JAKARTA BARAT,CENGKARENG,RAWA BUAYA,Laki-laki,18311
2014,PROVINSI DKI JAKARTA,JAKARTA BARAT,CENGKARENG,KEDAUNG KALI ANGKE,Laki-laki,9521
2014,PROVINSI DKI JAKARTA,JAKARTA BARAT,CENGKARENG,KAPUK,Laki-laki,39076
2014,PROVINSI DKI JAKARTA,JAKARTA BARAT,CENGKARENG,CENGKARENG TIMUR,Laki-laki,22217
2014,PROVINSI DKI JAKARTA,JAKARTA BARAT,GROGOL PETAMBURAN,GROGOL,Laki-laki,5149
2014,PROVINSI DKI JAKARTA,JAKARTA BARAT,GROGOL PETAMBURAN,TANJUNG DUREN UTARA,Laki-laki,4979
2014,PROVINSI DKI JAKARTA,JAKARTA BARAT,GROGOL PETAMBURAN,TOMANG,Laki-laki,8523
2014,PROVINSI DKI JAKARTA,JAKARTA BARAT,GROGOL PETAMBURAN,JELAMBAR,Laki-laki,8725
2014,PROVINSI DKI JAKARTA,JAKARTA BARAT,GROGOL PETAMBURAN,TANJUNG DUREN SELATAN,Laki-laki,7112
2014,PROVINSI DKI JAKARTA,JAKARTA BARAT,GROGOL PETAMBURAN,JELAMBAR BARU,Laki-laki,10903
2014,PROVINSI DKI JAKARTA,JAKARTA BARAT,GROGOL PETAMBURAN,WIJAYA KUSUMA,Laki-laki,11876
2014,PROVINSI DKI JAKARTA,JAKARTA BARAT,TAMAN SARI,TAMAN SARI,Laki-laki,4151
2014,PROVINSI DKI JAKARTA,JAKARTA BARAT,TAMAN SARI,KRUKUT,Laki-laki,5112
2014,PROVINSI DKI JAKARTA,JAKARTA BARAT,TAMAN SARI,MAPHAR,Laki-laki,4988
2014,PROVINSI DKI JAKARTA,JAKARTA BARAT,TAMAN SARI,TANGKI,Laki-laki,3593
2014,PROVINSI DKI JAKARTA,JAKARTA BARAT,TAMAN SARI,MANGGA BESAR,Laki-laki,2137
2014,PROVINSI DKI JAKARTA,JAKARTA BARAT,TAMAN SARI,KEAGUNGAN,Laki-laki,4961
2014,PROVINSI DKI JAKARTA,JAKARTA BARAT,TAMAN SARI,GLODOK,Laki-laki,2147
2014,PROVINSI DKI JAKARTA,JAKARTA BARAT,TAMAN SARI,PINANGSIA,Laki-laki,3324
2014,PROVINSI DKI JAKARTA,JAKARTA BARAT,TAMBORA,TAMBORA,Laki-laki,3046
2014,PROVINSI DKI JAKARTA,JAKARTA BARAT,TAMBORA,KALI ANYAR,Laki-laki,7170
2014,PROVINSI DKI JAKARTA,JAKARTA BARAT,TAMBORA,DURI UTARA,Laki-laki,5833
2014,PROVINSI DKI JAKARTA,JAKARTA BARAT,TAMBORA,TANAH SEREAL,Laki-laki,7076
2014,PROVINSI DKI JAKARTA,JAKARTA BARAT,TAMBORA,KERENDANG,Laki-laki,5766
2014,PROVINSI DKI JAKARTA,JAKARTA BARAT,TAMBORA,JEMBATAN BESI,Laki-laki,9372
2014,PROVINSI DKI JAKARTA,JAKARTA BARAT,TAMBORA,ANGKE,Laki-laki,8947
2014,PROVINSI DKI JAKARTA,JAKARTA BARAT,TAMBORA,JEMBATAN LIMA,Laki-laki,6057
2014,PROVINSI DKI JAKARTA,JAKARTA BARAT,TAMBORA,PEKOJAN,Laki-laki,6463
2014,PROVINSI DKI JAKARTA,JAKARTA BARAT,TAMBORA,ROA MALAKA,Laki-laki,1064
2014,PROVINSI DKI JAKARTA,JAKARTA BARAT,TAMBORA,DURI SELATAN,Laki-laki,3900
2014,PROVINSI DKI JAKARTA,JAKARTA BARAT,KEBON JERUK,KEBON JERUK,Laki-laki,13972
2014,PROVINSI DKI JAKARTA,JAKARTA BARAT,KEBON JERUK,SUKABUMI UTARA,Laki-laki,10283
2014,PROVINSI DKI JAKARTA,JAKARTA BARAT,KEBON JERUK,SUKABUMI SELATAN,Laki-laki,9918
2014,PROVINSI DKI JAKARTA,JAKARTA BARAT,KEBON JERUK,KELAPA DUA,Laki-laki,6275
2014,PROVINSI DKI JAKARTA,JAKARTA BARAT,KEBON JERUK,DURI KEPA,Laki-laki,16691
2014,PROVINSI DKI JAKARTA,JAKARTA BARAT,KEBON JERUK,KEDOYA UTARA,Laki-laki,12379
2014,PROVINSI DKI JAKARTA,JAKARTA BARAT,KEBON JERUK,KEDOYA SELATAN,Laki-laki,8711
2014,PROVINSI DKI JAKARTA,JAKARTA BARAT,KALI DERES,KALIDERES,Laki-laki,19793
2014,PROVINSI DKI JAKARTA,JAKARTA BARAT,KALI DERES,SEMANAN,Laki-laki,19712
2014,PROVINSI DKI JAKARTA,JAKARTA BARAT,KALI DERES,TEGAL ALUR,Laki-laki,24214
2014,PROVINSI DKI JAKARTA,JAKARTA BARAT,KALI DERES,KAMAL,Laki-laki,14053
2014,PROVINSI DKI JAKARTA,JAKARTA BARAT,KALI DERES,PEGADUNGAN,Laki-laki,19429
2014,PROVINSI DKI JAKARTA,JAKARTA BARAT,PALMERAH,PALMERAH,Laki-laki,17393
2014,PROVINSI DKI JAKARTA,JAKARTA BARAT,PALMERAH,SLIPI,Laki-laki,4701
2014,PROVINSI DKI JAKARTA,JAKARTA BARAT,PALMERAH,KOTA BAMBU UTARA,Laki-laki,7040
2014,PROVINSI DKI JAKARTA,JAKARTA BARAT,PALMERAH,JATI PULO,Laki-laki,8170
2014,PROVINSI DKI JAKARTA,JAKARTA BARAT,PALMERAH,KEMANGGISAN,Laki-laki,9182
2014,PROVINSI DKI JAKARTA,JAKARTA BARAT,PALMERAH,KOTA BAMBU SELATAN,Laki-laki,6061
2014,PROVINSI DKI JAKARTA,JAKARTA BARAT,KEMBANGAN,KEMBANGAN UTARA,Laki-laki,14916
2014,PROVINSI DKI JAKARTA,JAKARTA BARAT,KEMBANGAN,MERUYA UTARA,Laki-laki,11943
2014,PROVINSI DKI JAKARTA,JAKARTA BARAT,KEMBANGAN,MERUYA SELATAN,Laki-laki,7738
2014,PROVINSI DKI JAKARTA,JAKARTA BARAT,KEMBANGAN,SRENGSENG,Laki-laki,11391
2014,PROVINSI DKI JAKARTA,JAKARTA BARAT,KEMBANGAN,JOGLO,Laki-laki,10302
2014,PROVINSI DKI JAKARTA,JAKARTA BARAT,KEMBANGAN,KEMBANGAN SELATAN,Laki-laki,6782
2014,PROVINSI DKI JAKARTA,JAKARTA SELATAN,TEBET,TEBET TIMUR,Laki-laki,4969
2014,PROVINSI DKI JAKARTA,JAKARTA SELATAN,TEBET,TEBET BARAT,Laki-laki,5960
2014,PROVINSI DKI JAKARTA,JAKARTA SELATAN,TEBET,MENTENG DALAM,Laki-laki,10434
2014,PROVINSI DKI JAKARTA,JAKARTA SELATAN,TEBET,KEBON BARU,Laki-laki,9919
2014,PROVINSI DKI JAKARTA,JAKARTA SELATAN,TEBET,BUKIT DURI,Laki-laki,10250
2014,PROVINSI DKI JAKARTA,JAKARTA SELATAN,TEBET,MANGGARAI SELATAN,Laki-laki,6645
2014,PROVINSI DKI JAKARTA,JAKARTA SELATAN,TEBET,MANGGARAI,Laki-laki,8422
2014,PROVINSI DKI JAKARTA,JAKARTA SELATAN,SETIA BUDI,SETIA BUDI,Laki-laki,896
2014,PROVINSI DKI JAKARTA,JAKARTA SELATAN,SETIA BUDI,KARET SEMANGGI,Laki-laki,743
2014,PROVINSI DKI JAKARTA,JAKARTA SELATAN,SETIA BUDI,KARET KUNINGAN,Laki-laki,4362
2014,PROVINSI DKI JAKARTA,JAKARTA SELATAN,SETIA BUDI,KARET,Laki-laki,2979
2014,PROVINSI DKI JAKARTA,JAKARTA SELATAN,SETIA BUDI,MENTENG ATAS,Laki-laki,7920
2014,PROVINSI DKI JAKARTA,JAKARTA SELATAN,SETIA BUDI,PASAR MANGGIS,Laki-laki,7840
2014,PROVINSI DKI JAKARTA,JAKARTA SELATAN,SETIA BUDI,GUNTUR,Laki-laki,1117
2014,PROVINSI DKI JAKARTA,JAKARTA SELATAN,SETIA BUDI,KUNINGAN TIMUR,Laki-laki,1812
2014,PROVINSI DKI JAKARTA,JAKARTA SELATAN,MAMPANG PRAPATAN,MAMPANG PRAPATAN,Laki-laki,5326
2014,PROVINSI DKI JAKARTA,JAKARTA SELATAN,MAMPANG PRAPATAN,BANGKA,Laki-laki,6200
2014,PROVINSI DKI JAKARTA,JAKARTA SELATAN,MAMPANG PRAPATAN,PELA MAMPANG,Laki-laki,12673
2014,PROVINSI DKI JAKARTA,JAKARTA SELATAN,MAMPANG PRAPATAN,TEGAL PARANG,Laki-laki,9164
2014,PROVINSI DKI JAKARTA,JAKARTA SELATAN,MAMPANG PRAPATAN,KUNINGAN BARAT,Laki-laki,3839
2014,PROVINSI DKI JAKARTA,JAKARTA SELATAN,PASAR MINGGU,PASAR MINGGU,Laki-laki,7039
2014,PROVINSI DKI JAKARTA,JAKARTA SELATAN,PASAR MINGGU,JATI PADANG,Laki-laki,10225
2014,PROVINSI DKI JAKARTA,JAKARTA SELATAN,PASAR MINGGU,CILANDAK TIMUR,Laki-laki,7284
2014,PROVINSI DKI JAKARTA,JAKARTA SELATAN,PASAR MINGGU,RAGUNAN,Laki-laki,11069
2014,PROVINSI DKI JAKARTA,JAKARTA SELATAN,PASAR MINGGU,PEJATEN TIMUR,Laki-laki,16034
2014,PROVINSI DKI JAKARTA,JAKARTA SELATAN,PASAR MINGGU,PEJATEN BARAT,Laki-laki,10177
2014,PROVINSI DKI JAKARTA,JAKARTA SELATAN,PASAR MINGGU,KEBAGUSAN,Laki-laki,11740
2014,PROVINSI DKI JAKARTA,JAKARTA SELATAN,KEBAYORAN LAMA,KEBAYORAN LAMA UTARA,Laki-laki,12784
2014,PROVINSI DKI JAKARTA,JAKARTA SELATAN,KEBAYORAN LAMA,PONDOK PINANG,Laki-laki,14838
2014,PROVINSI DKI JAKARTA,JAKARTA SELATAN,KEBAYORAN LAMA,CIPULIR,Laki-laki,10980
2014,PROVINSI DKI JAKARTA,JAKARTA SELATAN,KEBAYORAN LAMA,GROGOL UTARA,Laki-laki,12039
2014,PROVINSI DKI JAKARTA,JAKARTA SELATAN,KEBAYORAN LAMA,GROGOL SELATAN,Laki-laki,12338
2014,PROVINSI DKI JAKARTA,JAKARTA SELATAN,KEBAYORAN LAMA,KEBAYORAN LAMA SELATAN,Laki-laki,11477
2014,PROVINSI DKI JAKARTA,JAKARTA SELATAN,CILANDAK,CILANDAK BARAT,Laki-laki,14907
2014,PROVINSI DKI JAKARTA,JAKARTA SELATAN,CILANDAK,LEBAK BULUS,Laki-laki,9868
2014,PROVINSI DKI JAKARTA,JAKARTA SELATAN,CILANDAK,PONDOK LABU,Laki-laki,12276
2014,PROVINSI DKI JAKARTA,JAKARTA SELATAN,CILANDAK,GANDARIA SELATAN,Laki-laki,6095
2014,PROVINSI DKI JAKARTA,JAKARTA SELATAN,CILANDAK,CIPETE SELATAN,Laki-laki,7615
2014,PROVINSI DKI JAKARTA,JAKARTA SELATAN,KEBAYORAN BARU,MELAWAI,Laki-laki,764
2014,PROVINSI DKI JAKARTA,JAKARTA SELATAN,KEBAYORAN BARU,GUNUNG,Laki-laki,2622
2014,PROVINSI DKI JAKARTA,JAKARTA SELATAN,KEBAYORAN BARU,KRAMAT PELA,Laki-laki,4150
2014,PROVINSI DKI JAKARTA,JAKARTA SELATAN,KEBAYORAN BARU,SELONG,Laki-laki,1052
2014,PROVINSI DKI JAKARTA,JAKARTA SELATAN,KEBAYORAN BARU,RAWA BARAT,Laki-laki,1523
2014,PROVINSI DKI JAKARTA,JAKARTA SELATAN,KEBAYORAN BARU,SENAYAN,Laki-laki,1075
2014,PROVINSI DKI JAKARTA,JAKARTA SELATAN,KEBAYORAN BARU,PULO,Laki-laki,1628
2014,PROVINSI DKI JAKARTA,JAKARTA SELATAN,KEBAYORAN BARU,PETOGOGAN,Laki-laki,3452
2014,PROVINSI DKI JAKARTA,JAKARTA SELATAN,KEBAYORAN BARU,GANDARIA UTARA,Laki-laki,11088
2014,PROVINSI DKI JAKARTA,JAKARTA SELATAN,KEBAYORAN BARU,CIPETE UTARA,Laki-laki,9703
2014,PROVINSI DKI JAKARTA,JAKARTA SELATAN,PANCORAN,PANCORAN,Laki-laki,5108
2014,PROVINSI DKI JAKARTA,JAKARTA SELATAN,PANCORAN,KALIBATA,Laki-laki,11516
2014,PROVINSI DKI JAKARTA,JAKARTA SELATAN,PANCORAN,RAWA JATI,Laki-laki,5297
2014,PROVINSI DKI JAKARTA,JAKARTA SELATAN,PANCORAN,DUREN TIGA,Laki-laki,8050
2014,PROVINSI DKI JAKARTA,JAKARTA SELATAN,PANCORAN,PENGADEGAN,Laki-laki,5722
2014,PROVINSI DKI JAKARTA,JAKARTA SELATAN,PANCORAN,CIKOKO,Laki-laki,3149
2014,PROVINSI DKI JAKARTA,JAKARTA SELATAN,JAGAKARSA,JAGAKARSA,Laki-laki,15347
2014,PROVINSI DKI JAKARTA,JAKARTA SELATAN,JAGAKARSA,SRENGSENG SAWAH,Laki-laki,15370
2014,PROVINSI DKI JAKARTA,JAKARTA SELATAN,JAGAKARSA,CIGANJUR,Laki-laki,9491
2014,PROVINSI DKI JAKARTA,JAKARTA SELATAN,JAGAKARSA,LENTENG AGUNG,Laki-laki,13915
2014,PROVINSI DKI JAKARTA,JAKARTA SELATAN,JAGAKARSA,TANJUNG BARAT,Laki-laki,10322
2014,PROVINSI DKI JAKARTA,JAKARTA SELATAN,JAGAKARSA,CIPEDAK,Laki-laki,8878
2014,PROVINSI DKI JAKARTA,JAKARTA SELATAN,PESANGGRAHAN,PESANGGRAHAN,Laki-laki,7263
2014,PROVINSI DKI JAKARTA,JAKARTA SELATAN,PESANGGRAHAN,BINTARO,Laki-laki,14028
2014,PROVINSI DKI JAKARTA,JAKARTA SELATAN,PESANGGRAHAN,PETUKANGAN UTARA,Laki-laki,14093
2014,PROVINSI DKI JAKARTA,JAKARTA SELATAN,PESANGGRAHAN,PETUKANGAN SELATAN,Laki-laki,9331
2014,PROVINSI DKI JAKARTA,JAKARTA SELATAN,PESANGGRAHAN,ULUJAMI,Laki-laki,11076
2014,PROVINSI DKI JAKARTA,JAKARTA TIMUR,MATRAMAN,PISANGAN BARU,Laki-laki,9343
2014,PROVINSI DKI JAKARTA,JAKARTA TIMUR,MATRAMAN,UTAN KAYU UTARA,Laki-laki,8302
2014,PROVINSI DKI JAKARTA,JAKARTA TIMUR,MATRAMAN,KAYU MANIS,Laki-laki,7526
2014,PROVINSI DKI JAKARTA,JAKARTA TIMUR,MATRAMAN,PAL MERIAM,Laki-laki,6079
2014,PROVINSI DKI JAKARTA,JAKARTA TIMUR,MATRAMAN,KEBON MANGGIS,Laki-laki,4967
2014,PROVINSI DKI JAKARTA,JAKARTA TIMUR,MATRAMAN,UTAN KAYU SELATAN,Laki-laki,9578
2014,PROVINSI DKI JAKARTA,JAKARTA TIMUR,PULO GADUNG,PULO GADUNG,Laki-laki,10359
2014,PROVINSI DKI JAKARTA,JAKARTA TIMUR,PULO GADUNG,PISANGAN TIMUR,Laki-laki,12081
2014,PROVINSI DKI JAKARTA,JAKARTA TIMUR,PULO GADUNG,CIPINANG,Laki-laki,11913
2014,PROVINSI DKI JAKARTA,JAKARTA TIMUR,PULO GADUNG,JATINEGARA KAUM,Laki-laki,6669
2014,PROVINSI DKI JAKARTA,JAKARTA TIMUR,PULO GADUNG,RAWAMANGUN,Laki-laki,10957
2014,PROVINSI DKI JAKARTA,JAKARTA TIMUR,PULO GADUNG,KAYU PUTIH,Laki-laki,12302
2014,PROVINSI DKI JAKARTA,JAKARTA TIMUR,PULO GADUNG,JATI,Laki-laki,9285
2014,PROVINSI DKI JAKARTA,JAKARTA TIMUR,JATINEGARA,KAMPUNG MELAYU,Laki-laki,7561
2014,PROVINSI DKI JAKARTA,JAKARTA TIMUR,JATINEGARA,BIDARA CINA,Laki-laki,10852
2014,PROVINSI DKI JAKARTA,JAKARTA TIMUR,JATINEGARA,BALI MESTER,Laki-laki,2812
2014,PROVINSI DKI JAKARTA,JAKARTA TIMUR,JATINEGARA,RAWA BUNGA,Laki-laki,5904
2014,PROVINSI DKI JAKARTA,JAKARTA TIMUR,JATINEGARA,CIPINANG CEMPEDAK,Laki-laki,9189
2014,PROVINSI DKI JAKARTA,JAKARTA TIMUR,JATINEGARA,CIPINANG MUARA,Laki-laki,16274
2014,PROVINSI DKI JAKARTA,JAKARTA TIMUR,JATINEGARA,CIPINANG BESAR SELATAN,Laki-laki,9780
2014,PROVINSI DKI JAKARTA,JAKARTA TIMUR,JATINEGARA,CIPINANG BESAR UTARA,Laki-laki,13938
2014,PROVINSI DKI JAKARTA,JAKARTA TIMUR,KRAMAT JATI,KRAMAT JATI,Laki-laki,9803
2014,PROVINSI DKI JAKARTA,JAKARTA TIMUR,KRAMAT JATI,KAMPUNG TENGAH,Laki-laki,11822
2014,PROVINSI DKI JAKARTA,JAKARTA TIMUR,KRAMAT JATI,DUKUH,Laki-laki,6622
2014,PROVINSI DKI JAKARTA,JAKARTA TIMUR,KRAMAT JATI,BATU AMPAR,Laki-laki,12711
2014,PROVINSI DKI JAKARTA,JAKARTA TIMUR,KRAMAT JATI,BALE KAMBANG,Laki-laki,7336
2014,PROVINSI DKI JAKARTA,JAKARTA TIMUR,KRAMAT JATI,CILILITAN,Laki-laki,11589
2014,PROVINSI DKI JAKARTA,JAKARTA TIMUR,KRAMAT JATI,CAWANG,Laki-laki,10074
2014,PROVINSI DKI JAKARTA,JAKARTA TIMUR,PASAR REBO,GEDONG,Laki-laki,9602
2014,PROVINSI DKI JAKARTA,JAKARTA TIMUR,PASAR REBO,BARU,Laki-laki,6672
2014,PROVINSI DKI JAKARTA,JAKARTA TIMUR,PASAR REBO,CIJANTUNG,Laki-laki,11242
2014,PROVINSI DKI JAKARTA,JAKARTA TIMUR,PASAR REBO,KALISARI,Laki-laki,11145
2014,PROVINSI DKI JAKARTA,JAKARTA TIMUR,PASAR REBO,PEKAYON,Laki-laki,11745
2014,PROVINSI DKI JAKARTA,JAKARTA TIMUR,CAKUNG,JATINEGARA,Laki-laki,25285
2014,PROVINSI DKI JAKARTA,JAKARTA TIMUR,CAKUNG,RAWA TERATE,Laki-laki,8665
2014,PROVINSI DKI JAKARTA,JAKARTA TIMUR,CAKUNG,PENGGILINGAN,Laki-laki,26560
2014,PROVINSI DKI JAKARTA,JAKARTA TIMUR,CAKUNG,CAKUNG TIMUR,Laki-laki,16049
2014,PROVINSI DKI JAKARTA,JAKARTA TIMUR,CAKUNG,PULO GEBANG,Laki-laki,24696
2014,PROVINSI DKI JAKARTA,JAKARTA TIMUR,CAKUNG,UJUNG MENTENG,Laki-laki,8056
2014,PROVINSI DKI JAKARTA,JAKARTA TIMUR,CAKUNG,CAKUNG BARAT,Laki-laki,16892
2014,PROVINSI DKI JAKARTA,JAKARTA TIMUR,DUREN SAWIT,DUREN SAWIT,Laki-laki,16563
2014,PROVINSI DKI JAKARTA,JAKARTA TIMUR,DUREN SAWIT,PONDOK BAMBU,Laki-laki,17265
2014,PROVINSI DKI JAKARTA,JAKARTA TIMUR,DUREN SAWIT,KLENDER,Laki-laki,20116
2014,PROVINSI DKI JAKARTA,JAKARTA TIMUR,DUREN SAWIT,PONDOK KELAPA,Laki-laki,18533
2014,PROVINSI DKI JAKARTA,JAKARTA TIMUR,DUREN SAWIT,MALAKA SARI,Laki-laki,7791
2014,PROVINSI DKI JAKARTA,JAKARTA TIMUR,DUREN SAWIT,MALAKA JAYA,Laki-laki,8834
2014,PROVINSI DKI JAKARTA,JAKARTA TIMUR,DUREN SAWIT,PONDOK KOPI,Laki-laki,9368
2014,PROVINSI DKI JAKARTA,JAKARTA TIMUR,MAKASAR,MAKASAR,Laki-laki,9586
2014,PROVINSI DKI JAKARTA,JAKARTA TIMUR,MAKASAR,PINANG RANTI,Laki-laki,7016
2014,PROVINSI DKI JAKARTA,JAKARTA TIMUR,MAKASAR,KEBON PALA,Laki-laki,13558
2014,PROVINSI DKI JAKARTA,JAKARTA TIMUR,MAKASAR,HALIM PERDANA KUSUMAH,Laki-laki,7835
2014,PROVINSI DKI JAKARTA,JAKARTA TIMUR,MAKASAR,CIPINANG MELAYU,Laki-laki,11897
2014,PROVINSI DKI JAKARTA,JAKARTA TIMUR,CIRACAS,CIRACAS,Laki-laki,17802
2014,PROVINSI DKI JAKARTA,JAKARTA TIMUR,CIRACAS,CIBUBUR,Laki-laki,17765
2014,PROVINSI DKI JAKARTA,JAKARTA TIMUR,CIRACAS,KELAPA DUA WETAN,Laki-laki,12460
2014,PROVINSI DKI JAKARTA,JAKARTA TIMUR,CIRACAS,SUSUKAN,Laki-laki,10766
2014,PROVINSI DKI JAKARTA,JAKARTA TIMUR,CIRACAS,RAMBUTAN,Laki-laki,9996
2014,PROVINSI DKI JAKARTA,JAKARTA TIMUR,CIPAYUNG,CIPAYUNG,Laki-laki,6536
2014,PROVINSI DKI JAKARTA,JAKARTA TIMUR,CIPAYUNG,CILANGKAP,Laki-laki,6759
2014,PROVINSI DKI JAKARTA,JAKARTA TIMUR,CIPAYUNG,PONDOK RANGGON,Laki-laki,6160
2014,PROVINSI DKI JAKARTA,JAKARTA TIMUR,CIPAYUNG,MUNJUL,Laki-laki,6107
2014,PROVINSI DKI JAKARTA,JAKARTA TIMUR,CIPAYUNG,SETU,Laki-laki,4844
2014,PROVINSI DKI JAKARTA,JAKARTA TIMUR,CIPAYUNG,BAMBU APUS,Laki-laki,6751
2014,PROVINSI DKI JAKARTA,JAKARTA TIMUR,CIPAYUNG,LUBANG BUAYA,Laki-laki,16377
2014,PROVINSI DKI JAKARTA,JAKARTA TIMUR,CIPAYUNG,CEGER,Laki-laki,4850
2014,PROVINSI DKI JAKARTA,KAB.ADM.KEP.SERIBU,KEP. SERIBU UTR,P. PANGGANG,Perempuan,339
2014,PROVINSI DKI JAKARTA,KAB.ADM.KEP.SERIBU,KEP. SERIBU UTR,P. KELAPA,Perempuan,289
2014,PROVINSI DKI JAKARTA,KAB.ADM.KEP.SERIBU,KEP. SERIBU UTR,P. HARAPAN,Perempuan,105
2014,PROVINSI DKI JAKARTA,KAB.ADM.KEP.SERIBU,KEP. SERIBU SLT,P. UNTUNG JAWA,Perempuan,88
2014,PROVINSI DKI JAKARTA,KAB.ADM.KEP.SERIBU,KEP. SERIBU SLT,P. TIDUNG,Perempuan,211
2014,PROVINSI DKI JAKARTA,KAB.ADM.KEP.SERIBU,KEP. SERIBU SLT,P. PARI,Perempuan,139
2014,PROVINSI DKI JAKARTA,JAKARTA PUSAT,GAMBIR,GAMBIR,Perempuan,278
2014,PROVINSI DKI JAKARTA,JAKARTA PUSAT,GAMBIR,CIDENG,Perempuan,1654
2014,PROVINSI DKI JAKARTA,JAKARTA PUSAT,GAMBIR,PETOJO UTARA,Perempuan,1761
2014,PROVINSI DKI JAKARTA,JAKARTA PUSAT,GAMBIR,PETOJO SELATAN,Perempuan,1464
2014,PROVINSI DKI JAKARTA,JAKARTA PUSAT,GAMBIR,KEBON KELAPA,Perempuan,1222
2014,PROVINSI DKI JAKARTA,JAKARTA PUSAT,GAMBIR,DURI PULO,Perempuan,1723
2014,PROVINSI DKI JAKARTA,JAKARTA PUSAT,SAWAH BESAR,PASAR BARU,Perempuan,1405
2014,PROVINSI DKI JAKARTA,JAKARTA PUSAT,SAWAH BESAR,KARANG ANYAR,Perempuan,2867
2014,PROVINSI DKI JAKARTA,JAKARTA PUSAT,SAWAH BESAR,KARTINI,Perempuan,2765
2014,PROVINSI DKI JAKARTA,JAKARTA PUSAT,SAWAH BESAR,GUNUNG SAHARI UTARA,Perempuan,1755
2014,PROVINSI DKI JAKARTA,JAKARTA PUSAT,SAWAH BESAR,MANGGA DUA SELATAN,Perempuan,3331
2014,PROVINSI DKI JAKARTA,JAKARTA PUSAT,KEMAYORAN,KEMAYORAN,Perempuan,1946
2014,PROVINSI DKI JAKARTA,JAKARTA PUSAT,KEMAYORAN,KEBON KOSONG,Perempuan,2587
2014,PROVINSI DKI JAKARTA,JAKARTA PUSAT,KEMAYORAN,HARAPAN MULIA,Perempuan,1744
2014,PROVINSI DKI JAKARTA,JAKARTA PUSAT,KEMAYORAN,SERDANG,Perempuan,2357
2014,PROVINSI DKI JAKARTA,JAKARTA PUSAT,KEMAYORAN,GUNUNG SAHARI SELATAN,Perempuan,1853
2014,PROVINSI DKI JAKARTA,JAKARTA PUSAT,KEMAYORAN,CEMPAKA BARU,Perempuan,2663
2014,PROVINSI DKI JAKARTA,JAKARTA PUSAT,KEMAYORAN,SUMUR BATU,Perempuan,2025
2014,PROVINSI DKI JAKARTA,JAKARTA PUSAT,KEMAYORAN,UTAN PANJANG,Perempuan,2395
2014,PROVINSI DKI JAKARTA,JAKARTA PUSAT,SENEN,SENEN,Perempuan,733
2014,PROVINSI DKI JAKARTA,JAKARTA PUSAT,SENEN,KENARI,Perempuan,856
2014,PROVINSI DKI JAKARTA,JAKARTA PUSAT,SENEN,PASEBAN,Perempuan,2405
2014,PROVINSI DKI JAKARTA,JAKARTA PUSAT,SENEN,KRAMAT,Perempuan,2960
2014,PROVINSI DKI JAKARTA,JAKARTA PUSAT,SENEN,KWITANG,Perempuan,1580
2014,PROVINSI DKI JAKARTA,JAKARTA PUSAT,SENEN,BUNGUR,Perempuan,1815
2014,PROVINSI DKI JAKARTA,JAKARTA PUSAT,CEMPAKA PUTIH,CEMPAKA PUTIH TIMUR,Perempuan,2006
2014,PROVINSI DKI JAKARTA,JAKARTA PUSAT,CEMPAKA PUTIH,CEMPAKA PUTIH BARAT,Perempuan,2848
2014,PROVINSI DKI JAKARTA,JAKARTA PUSAT,CEMPAKA PUTIH,RAWASARI,Perempuan,2068
2014,PROVINSI DKI JAKARTA,JAKARTA PUSAT,MENTENG,MENTENG,Perempuan,2395
2014,PROVINSI DKI JAKARTA,JAKARTA PUSAT,MENTENG,PEGANGSAAN,Perempuan,2165
2014,PROVINSI DKI JAKARTA,JAKARTA PUSAT,MENTENG,CIKINI,Perempuan,887
2014,PROVINSI DKI JAKARTA,JAKARTA PUSAT,MENTENG,GONDANGDIA,Perempuan,417
2014,PROVINSI DKI JAKARTA,JAKARTA PUSAT,MENTENG,KEBON SIRIH,Perempuan,1322
2014,PROVINSI DKI JAKARTA,JAKARTA PUSAT,TANAH ABANG,GELORA,Perempuan,319
2014,PROVINSI DKI JAKARTA,JAKARTA PUSAT,TANAH ABANG,BENDUNGAN HILIR,Perempuan,2468
2014,PROVINSI DKI JAKARTA,JAKARTA PUSAT,TANAH ABANG,KARET TENGSIN,Perempuan,1645
2014,PROVINSI DKI JAKARTA,JAKARTA PUSAT,TANAH ABANG,PETAMBURAN,Perempuan,2909
2014,PROVINSI DKI JAKARTA,JAKARTA PUSAT,TANAH ABANG,KEBON MELATI,Perempuan,3212
2014,PROVINSI DKI JAKARTA,JAKARTA PUSAT,TANAH ABANG,KEBON KACANG,Perempuan,2212
2014,PROVINSI DKI JAKARTA,JAKARTA PUSAT,TANAH ABANG,KAMPUNG BALI,Perempuan,1210
2014,PROVINSI DKI JAKARTA,JAKARTA PUSAT,JOHAR BARU,JOHAR BARU,Perempuan,3271
2014,PROVINSI DKI JAKARTA,JAKARTA PUSAT,JOHAR BARU,KAMPUNG RAWA,Perempuan,1684
2014,PROVINSI DKI JAKARTA,JAKARTA PUSAT,JOHAR BARU,GALUR,Perempuan,1421
2014,PROVINSI DKI JAKARTA,JAKARTA PUSAT,JOHAR BARU,TANAH TINGGI,Perempuan,3385
2014,PROVINSI DKI JAKARTA,JAKARTA UTARA,PENJARINGAN,PENJARINGAN,Perempuan,7026
2014,PROVINSI DKI JAKARTA,JAKARTA UTARA,PENJARINGAN,KAMAL MUARA,Perempuan,698
2014,PROVINSI DKI JAKARTA,JAKARTA UTARA,PENJARINGAN,KAPUK MUARA,Perempuan,1906
2014,PROVINSI DKI JAKARTA,JAKARTA UTARA,PENJARINGAN,PEJAGALAN,Perempuan,6081
2014,PROVINSI DKI JAKARTA,JAKARTA UTARA,PENJARINGAN,PLUIT,Perempuan,2862
2014,PROVINSI DKI JAKARTA,JAKARTA UTARA,TANJUNG PRIOK,TANJUNG PRIOK,Perempuan,2776
2014,PROVINSI DKI JAKARTA,JAKARTA UTARA,TANJUNG PRIOK,SUNTER JAYA,Perempuan,3622
2014,PROVINSI DKI JAKARTA,JAKARTA UTARA,TANJUNG PRIOK,PAPANGGO,Perempuan,2454
2014,PROVINSI DKI JAKARTA,JAKARTA UTARA,TANJUNG PRIOK,SUNGAI BAMBU,Perempuan,2301
2014,PROVINSI DKI JAKARTA,JAKARTA UTARA,TANJUNG PRIOK,KEBON BAWANG,Perempuan,3806
2014,PROVINSI DKI JAKARTA,JAKARTA UTARA,TANJUNG PRIOK,SUNTER AGUNG,Perempuan,4595
2014,PROVINSI DKI JAKARTA,JAKARTA UTARA,TANJUNG PRIOK,WARAKAS,Perempuan,3448
2014,PROVINSI DKI JAKARTA,JAKARTA UTARA,KOJA,KOJA,Perempuan,2255
2014,PROVINSI DKI JAKARTA,JAKARTA UTARA,KOJA,TUGU UTARA,Perempuan,5019
2014,PROVINSI DKI JAKARTA,JAKARTA UTARA,KOJA,LAGOA,Perempuan,4543
2014,PROVINSI DKI JAKARTA,JAKARTA UTARA,KOJA,RAWA BADAK UTARA,Perempuan,2303
2014,PROVINSI DKI JAKARTA,JAKARTA UTARA,KOJA,TUGU SELATAN,Perempuan,2413
2014,PROVINSI DKI JAKARTA,JAKARTA UTARA,KOJA,RAWA BADAK SELATAN,Perempuan,2700
2014,PROVINSI DKI JAKARTA,JAKARTA UTARA,CILINCING,CILINCING,Perempuan,2750
2014,PROVINSI DKI JAKARTA,JAKARTA UTARA,CILINCING,SUKAPURA,Perempuan,4866
2014,PROVINSI DKI JAKARTA,JAKARTA UTARA,CILINCING,MARUNDA,Perempuan,1388
2014,PROVINSI DKI JAKARTA,JAKARTA UTARA,CILINCING,KALI BARU,Perempuan,5456
2014,PROVINSI DKI JAKARTA,JAKARTA UTARA,CILINCING,SEMPER TIMUR,Perempuan,2368
2014,PROVINSI DKI JAKARTA,JAKARTA UTARA,CILINCING,ROROTAN,Perempuan,1763
2014,PROVINSI DKI JAKARTA,JAKARTA UTARA,CILINCING,SEMPER BARAT,Perempuan,4895
2014,PROVINSI DKI JAKARTA,JAKARTA UTARA,PADEMANGAN,PADEMANGAN TIMUR,Perempuan,2753
2014,PROVINSI DKI JAKARTA,JAKARTA UTARA,PADEMANGAN,PADEMANGAN BARAT,Perempuan,6106
2014,PROVINSI DKI JAKARTA,JAKARTA UTARA,PADEMANGAN,ANCOL,Perempuan,1707
2014,PROVINSI DKI JAKARTA,JAKARTA UTARA,KELAPA GADING,KELAPA GADING TIMUR,Perempuan,2581
2014,PROVINSI DKI JAKARTA,JAKARTA UTARA,KELAPA GADING,PEGANGSAAN DUA,Perempuan,3183
2014,PROVINSI DKI JAKARTA,JAKARTA UTARA,KELAPA GADING,KELAPA GADING BARAT,Perempuan,2315
2014,PROVINSI DKI JAKARTA,JAKARTA BARAT,CENGKARENG,CENGKARENG BARAT,Perempuan,4046
2014,PROVINSI DKI JAKARTA,JAKARTA BARAT,CENGKARENG,DURI KOSAMBI,Perempuan,4089
2014,PROVINSI DKI JAKARTA,JAKARTA BARAT,CENGKARENG,RAWA BUAYA,Perempuan,3474
2014,PROVINSI DKI JAKARTA,JAKARTA BARAT,CENGKARENG,KEDAUNG KALI ANGKE,Perempuan,1925
2014,PROVINSI DKI JAKARTA,JAKARTA BARAT,CENGKARENG,KAPUK,Perempuan,7632
2014,PROVINSI DKI JAKARTA,JAKARTA BARAT,CENGKARENG,CENGKARENG TIMUR,Perempuan,4996
2014,PROVINSI DKI JAKARTA,JAKARTA BARAT,GROGOL PETAMBURAN,GROGOL,Perempuan,1419
2014,PROVINSI DKI JAKARTA,JAKARTA BARAT,GROGOL PETAMBURAN,TANJUNG DUREN UTARA,Perempuan,1502
2014,PROVINSI DKI JAKARTA,JAKARTA BARAT,GROGOL PETAMBURAN,TOMANG,Perempuan,2451
2014,PROVINSI DKI JAKARTA,JAKARTA BARAT,GROGOL PETAMBURAN,JELAMBAR,Perempuan,2142
2014,PROVINSI DKI JAKARTA,JAKARTA BARAT,GROGOL PETAMBURAN,TANJUNG DUREN SELATAN,Perempuan,2094
2014,PROVINSI DKI JAKARTA,JAKARTA BARAT,GROGOL PETAMBURAN,JELAMBAR BARU,Perempuan,2668
2014,PROVINSI DKI JAKARTA,JAKARTA BARAT,GROGOL PETAMBURAN,WIJAYA KUSUMA,Perempuan,2595
2014,PROVINSI DKI JAKARTA,JAKARTA BARAT,TAMAN SARI,TAMAN SARI,Perempuan,1494
2014,PROVINSI DKI JAKARTA,JAKARTA BARAT,TAMAN SARI,KRUKUT,Perempuan,1673
2014,PROVINSI DKI JAKARTA,JAKARTA BARAT,TAMAN SARI,MAPHAR,Perempuan,1925
2014,PROVINSI DKI JAKARTA,JAKARTA BARAT,TAMAN SARI,TANGKI,Perempuan,1531
2014,PROVINSI DKI JAKARTA,JAKARTA BARAT,TAMAN SARI,MANGGA BESAR,Perempuan,807
2014,PROVINSI DKI JAKARTA,JAKARTA BARAT,TAMAN SARI,KEAGUNGAN,Perempuan,1512
2014,PROVINSI DKI JAKARTA,JAKARTA BARAT,TAMAN SARI,GLODOK,Perempuan,935
2014,PROVINSI DKI JAKARTA,JAKARTA BARAT,TAMAN SARI,PINANGSIA,Perempuan,1025
2014,PROVINSI DKI JAKARTA,JAKARTA BARAT,TAMBORA,TAMBORA,Perempuan,1013
2014,PROVINSI DKI JAKARTA,JAKARTA BARAT,TAMBORA,KALI ANYAR,Perempuan,1607
2014,PROVINSI DKI JAKARTA,JAKARTA BARAT,TAMBORA,DURI UTARA,Perempuan,1557
2014,PROVINSI DKI JAKARTA,JAKARTA BARAT,TAMBORA,TANAH SEREAL,Perempuan,2381
2014,PROVINSI DKI JAKARTA,JAKARTA BARAT,TAMBORA,KERENDANG,Perempuan,1351
2014,PROVINSI DKI JAKARTA,JAKARTA BARAT,TAMBORA,JEMBATAN BESI,Perempuan,2047
2014,PROVINSI DKI JAKARTA,JAKARTA BARAT,TAMBORA,ANGKE,Perempuan,2470
2014,PROVINSI DKI JAKARTA,JAKARTA BARAT,TAMBORA,JEMBATAN LIMA,Perempuan,1686
2014,PROVINSI DKI JAKARTA,JAKARTA BARAT,TAMBORA,PEKOJAN,Perempuan,2285
2014,PROVINSI DKI JAKARTA,JAKARTA BARAT,TAMBORA,ROA MALAKA,Perempuan,372
2014,PROVINSI DKI JAKARTA,JAKARTA BARAT,TAMBORA,DURI SELATAN,Perempuan,1095
2014,PROVINSI DKI JAKARTA,JAKARTA BARAT,KEBON JERUK,KEBON JERUK,Perempuan,3098
2014,PROVINSI DKI JAKARTA,JAKARTA BARAT,KEBON JERUK,SUKABUMI UTARA,Perempuan,2266
2014,PROVINSI DKI JAKARTA,JAKARTA BARAT,KEBON JERUK,SUKABUMI SELATAN,Perempuan,2052
2014,PROVINSI DKI JAKARTA,JAKARTA BARAT,KEBON JERUK,KELAPA DUA,Perempuan,1407
2014,PROVINSI DKI JAKARTA,JAKARTA BARAT,KEBON JERUK,DURI KEPA,Perempuan,3926
2014,PROVINSI DKI JAKARTA,JAKARTA BARAT,KEBON JERUK,KEDOYA UTARA,Perempuan,2546
2014,PROVINSI DKI JAKARTA,JAKARTA BARAT,KEBON JERUK,KEDOYA SELATAN,Perempuan,1829
2014,PROVINSI DKI JAKARTA,JAKARTA BARAT,KALI DERES,KALIDERES,Perempuan,3938
2014,PROVINSI DKI JAKARTA,JAKARTA BARAT,KALI DERES,SEMANAN,Perempuan,3837
2014,PROVINSI DKI JAKARTA,JAKARTA BARAT,KALI DERES,TEGAL ALUR,Perempuan,5124
2014,PROVINSI DKI JAKARTA,JAKARTA BARAT,KALI DERES,KAMAL,Perempuan,2645
2014,PROVINSI DKI JAKARTA,JAKARTA BARAT,KALI DERES,PEGADUNGAN,Perempuan,3943
2014,PROVINSI DKI JAKARTA,JAKARTA BARAT,PALMERAH,PALMERAH,Perempuan,4047
2014,PROVINSI DKI JAKARTA,JAKARTA BARAT,PALMERAH,SLIPI,Perempuan,1188
2014,PROVINSI DKI JAKARTA,JAKARTA BARAT,PALMERAH,KOTA BAMBU UTARA,Perempuan,1805
2014,PROVINSI DKI JAKARTA,JAKARTA BARAT,PALMERAH,JATI PULO,Perempuan,2105
2014,PROVINSI DKI JAKARTA,JAKARTA BARAT,PALMERAH,KEMANGGISAN,Perempuan,2394
2014,PROVINSI DKI JAKARTA,JAKARTA BARAT,PALMERAH,KOTA BAMBU SELATAN,Perempuan,1461
2014,PROVINSI DKI JAKARTA,JAKARTA BARAT,KEMBANGAN,KEMBANGAN UTARA,Perempuan,2794
2014,PROVINSI DKI JAKARTA,JAKARTA BARAT,KEMBANGAN,MERUYA UTARA,Perempuan,2435
2014,PROVINSI DKI JAKARTA,JAKARTA BARAT,KEMBANGAN,MERUYA SELATAN,Perempuan,1549
2014,PROVINSI DKI JAKARTA,JAKARTA BARAT,KEMBANGAN,SRENGSENG,Perempuan,2395
2014,PROVINSI DKI JAKARTA,JAKARTA BARAT,KEMBANGAN,JOGLO,Perempuan,2052
2014,PROVINSI DKI JAKARTA,JAKARTA BARAT,KEMBANGAN,KEMBANGAN SELATAN,Perempuan,1260
2014,PROVINSI DKI JAKARTA,JAKARTA SELATAN,TEBET,TEBET TIMUR,Perempuan,1486
2014,PROVINSI DKI JAKARTA,JAKARTA SELATAN,TEBET,TEBET BARAT,Perempuan,1760
2014,PROVINSI DKI JAKARTA,JAKARTA SELATAN,TEBET,MENTENG DALAM,Perempuan,2768
2014,PROVINSI DKI JAKARTA,JAKARTA SELATAN,TEBET,KEBON BARU,Perempuan,2761
2014,PROVINSI DKI JAKARTA,JAKARTA SELATAN,TEBET,BUKIT DURI,Perempuan,3103
2014,PROVINSI DKI JAKARTA,JAKARTA SELATAN,TEBET,MANGGARAI SELATAN,Perempuan,1995
2014,PROVINSI DKI JAKARTA,JAKARTA SELATAN,TEBET,MANGGARAI,Perempuan,2387
2014,PROVINSI DKI JAKARTA,JAKARTA SELATAN,SETIA BUDI,SETIA BUDI,Perempuan,324
2014,PROVINSI DKI JAKARTA,JAKARTA SELATAN,SETIA BUDI,KARET SEMANGGI,Perempuan,230
2014,PROVINSI DKI JAKARTA,JAKARTA SELATAN,SETIA BUDI,KARET KUNINGAN,Perempuan,1173
2014,PROVINSI DKI JAKARTA,JAKARTA SELATAN,SETIA BUDI,KARET,Perempuan,959
2014,PROVINSI DKI JAKARTA,JAKARTA SELATAN,SETIA BUDI,MENTENG ATAS,Perempuan,2402
2014,PROVINSI DKI JAKARTA,JAKARTA SELATAN,SETIA BUDI,PASAR MANGGIS,Perempuan,2269
2014,PROVINSI DKI JAKARTA,JAKARTA SELATAN,SETIA BUDI,GUNTUR,Perempuan,410
2014,PROVINSI DKI JAKARTA,JAKARTA SELATAN,SETIA BUDI,KUNINGAN TIMUR,Perempuan,448
2014,PROVINSI DKI JAKARTA,JAKARTA SELATAN,MAMPANG PRAPATAN,MAMPANG PRAPATAN,Perempuan,1250
2014,PROVINSI DKI JAKARTA,JAKARTA SELATAN,MAMPANG PRAPATAN,BANGKA,Perempuan,1692
2014,PROVINSI DKI JAKARTA,JAKARTA SELATAN,MAMPANG PRAPATAN,PELA MAMPANG,Perempuan,3075
2014,PROVINSI DKI JAKARTA,JAKARTA SELATAN,MAMPANG PRAPATAN,TEGAL PARANG,Perempuan,2307
2014,PROVINSI DKI JAKARTA,JAKARTA SELATAN,MAMPANG PRAPATAN,KUNINGAN BARAT,Perempuan,938
2014,PROVINSI DKI JAKARTA,JAKARTA SELATAN,PASAR MINGGU,PASAR MINGGU,Perempuan,1716
2014,PROVINSI DKI JAKARTA,JAKARTA SELATAN,PASAR MINGGU,JATI PADANG,Perempuan,2439
2014,PROVINSI DKI JAKARTA,JAKARTA SELATAN,PASAR MINGGU,CILANDAK TIMUR,Perempuan,1554
2014,PROVINSI DKI JAKARTA,JAKARTA SELATAN,PASAR MINGGU,RAGUNAN,Perempuan,2655
2014,PROVINSI DKI JAKARTA,JAKARTA SELATAN,PASAR MINGGU,PEJATEN TIMUR,Perempuan,3677
2014,PROVINSI DKI JAKARTA,JAKARTA SELATAN,PASAR MINGGU,PEJATEN BARAT,Perempuan,2424
2014,PROVINSI DKI JAKARTA,JAKARTA SELATAN,PASAR MINGGU,KEBAGUSAN,Perempuan,2590
2014,PROVINSI DKI JAKARTA,JAKARTA SELATAN,KEBAYORAN LAMA,KEBAYORAN LAMA UTARA,Perempuan,2967
2014,PROVINSI DKI JAKARTA,JAKARTA SELATAN,KEBAYORAN LAMA,PONDOK PINANG,Perempuan,3677
2014,PROVINSI DKI JAKARTA,JAKARTA SELATAN,KEBAYORAN LAMA,CIPULIR,Perempuan,2456
2014,PROVINSI DKI JAKARTA,JAKARTA SELATAN,KEBAYORAN LAMA,GROGOL UTARA,Perempuan,3045
2014,PROVINSI DKI JAKARTA,JAKARTA SELATAN,KEBAYORAN LAMA,GROGOL SELATAN,Perempuan,2897
2014,PROVINSI DKI JAKARTA,JAKARTA SELATAN,KEBAYORAN LAMA,KEBAYORAN LAMA SELATAN,Perempuan,2669
2014,PROVINSI DKI JAKARTA,JAKARTA SELATAN,CILANDAK,CILANDAK BARAT,Perempuan,3784
2014,PROVINSI DKI JAKARTA,JAKARTA SELATAN,CILANDAK,LEBAK BULUS,Perempuan,2269
2014,PROVINSI DKI JAKARTA,JAKARTA SELATAN,CILANDAK,PONDOK LABU,Perempuan,2645
2014,PROVINSI DKI JAKARTA,JAKARTA SELATAN,CILANDAK,GANDARIA SELATAN,Perempuan,1575
2014,PROVINSI DKI JAKARTA,JAKARTA SELATAN,CILANDAK,CIPETE SELATAN,Perempuan,2005
2014,PROVINSI DKI JAKARTA,JAKARTA SELATAN,KEBAYORAN BARU,MELAWAI,Perempuan,268
2014,PROVINSI DKI JAKARTA,JAKARTA SELATAN,KEBAYORAN BARU,GUNUNG,Perempuan,700
2014,PROVINSI DKI JAKARTA,JAKARTA SELATAN,KEBAYORAN BARU,KRAMAT PELA,Perempuan,1068
2014,PROVINSI DKI JAKARTA,JAKARTA SELATAN,KEBAYORAN BARU,SELONG,Perempuan,312
2014,PROVINSI DKI JAKARTA,JAKARTA SELATAN,KEBAYORAN BARU,RAWA BARAT,Perempuan,520
2014,PROVINSI DKI JAKARTA,JAKARTA SELATAN,KEBAYORAN BARU,SENAYAN,Perempuan,313
2014,PROVINSI DKI JAKARTA,JAKARTA SELATAN,KEBAYORAN BARU,PULO,Perempuan,543
2014,PROVINSI DKI JAKARTA,JAKARTA SELATAN,KEBAYORAN BARU,PETOGOGAN,Perempuan,909
2014,PROVINSI DKI JAKARTA,JAKARTA SELATAN,KEBAYORAN BARU,GANDARIA UTARA,Perempuan,3089
2014,PROVINSI DKI JAKARTA,JAKARTA SELATAN,KEBAYORAN BARU,CIPETE UTARA,Perempuan,2299
2014,PROVINSI DKI JAKARTA,JAKARTA SELATAN,PANCORAN,PANCORAN,Perempuan,1264
2014,PROVINSI DKI JAKARTA,JAKARTA SELATAN,PANCORAN,KALIBATA,Perempuan,2791
2014,PROVINSI DKI JAKARTA,JAKARTA SELATAN,PANCORAN,RAWA JATI,Perempuan,1476
2014,PROVINSI DKI JAKARTA,JAKARTA SELATAN,PANCORAN,DUREN TIGA,Perempuan,1954
2014,PROVINSI DKI JAKARTA,JAKARTA SELATAN,PANCORAN,PENGADEGAN,Perempuan,1409
2014,PROVINSI DKI JAKARTA,JAKARTA SELATAN,PANCORAN,CIKOKO,Perempuan,805
2014,PROVINSI DKI JAKARTA,JAKARTA SELATAN,JAGAKARSA,JAGAKARSA,Perempuan,3196
2014,PROVINSI DKI JAKARTA,JAKARTA SELATAN,JAGAKARSA,SRENGSENG SAWAH,Perempuan,3142
2014,PROVINSI DKI JAKARTA,JAKARTA SELATAN,JAGAKARSA,CIGANJUR,Perempuan,1840
2014,PROVINSI DKI JAKARTA,JAKARTA SELATAN,JAGAKARSA,LENTENG AGUNG,Perempuan,3179
2014,PROVINSI DKI JAKARTA,JAKARTA SELATAN,JAGAKARSA,TANJUNG BARAT,Perempuan,2135
2014,PROVINSI DKI JAKARTA,JAKARTA SELATAN,JAGAKARSA,CIPEDAK,Perempuan,1741
2014,PROVINSI DKI JAKARTA,JAKARTA SELATAN,PESANGGRAHAN,PESANGGRAHAN,Perempuan,1474
2014,PROVINSI DKI JAKARTA,JAKARTA SELATAN,PESANGGRAHAN,BINTARO,Perempuan,3209
2014,PROVINSI DKI JAKARTA,JAKARTA SELATAN,PESANGGRAHAN,PETUKANGAN UTARA,Perempuan,3100
2014,PROVINSI DKI JAKARTA,JAKARTA SELATAN,PESANGGRAHAN,PETUKANGAN SELATAN,Perempuan,2085
2014,PROVINSI DKI JAKARTA,JAKARTA SELATAN,PESANGGRAHAN,ULUJAMI,Perempuan,2196
2014,PROVINSI DKI JAKARTA,JAKARTA TIMUR,MATRAMAN,PISANGAN BARU,Perempuan,2798
2014,PROVINSI DKI JAKARTA,JAKARTA TIMUR,MATRAMAN,UTAN KAYU UTARA,Perempuan,2297
2014,PROVINSI DKI JAKARTA,JAKARTA TIMUR,MATRAMAN,KAYU MANIS,Perempuan,2423
2014,PROVINSI DKI JAKARTA,JAKARTA TIMUR,MATRAMAN,PAL MERIAM,Perempuan,2002
2014,PROVINSI DKI JAKARTA,JAKARTA TIMUR,MATRAMAN,KEBON MANGGIS,Perempuan,1594
2014,PROVINSI DKI JAKARTA,JAKARTA TIMUR,MATRAMAN,UTAN KAYU SELATAN,Perempuan,2456
2014,PROVINSI DKI JAKARTA,JAKARTA TIMUR,PULO GADUNG,PULO GADUNG,Perempuan,2479
2014,PROVINSI DKI JAKARTA,JAKARTA TIMUR,PULO GADUNG,PISANGAN TIMUR,Perempuan,3059
2014,PROVINSI DKI JAKARTA,JAKARTA TIMUR,PULO GADUNG,CIPINANG,Perempuan,3232
2014,PROVINSI DKI JAKARTA,JAKARTA TIMUR,PULO GADUNG,JATINEGARA KAUM,Perempuan,1463
2014,PROVINSI DKI JAKARTA,JAKARTA TIMUR,PULO GADUNG,RAWAMANGUN,Perempuan,2994
2014,PROVINSI DKI JAKARTA,JAKARTA TIMUR,PULO GADUNG,KAYU PUTIH,Perempuan,3476
2014,PROVINSI DKI JAKARTA,JAKARTA TIMUR,PULO GADUNG,JATI,Perempuan,2288
2014,PROVINSI DKI JAKARTA,JAKARTA TIMUR,JATINEGARA,KAMPUNG MELAYU,Perempuan,2054
2014,PROVINSI DKI JAKARTA,JAKARTA TIMUR,JATINEGARA,BIDARA CINA,Perempuan,3439
2014,PROVINSI DKI JAKARTA,JAKARTA TIMUR,JATINEGARA,BALI MESTER,Perempuan,959
2014,PROVINSI DKI JAKARTA,JAKARTA TIMUR,JATINEGARA,RAWA BUNGA,Perempuan,1823
2014,PROVINSI DKI JAKARTA,JAKARTA TIMUR,JATINEGARA,CIPINANG CEMPEDAK,Perempuan,2788
2014,PROVINSI DKI JAKARTA,JAKARTA TIMUR,JATINEGARA,CIPINANG MUARA,Perempuan,3607
2014,PROVINSI DKI JAKARTA,JAKARTA TIMUR,JATINEGARA,CIPINANG BESAR SELATAN,Perempuan,2318
2014,PROVINSI DKI JAKARTA,JAKARTA TIMUR,JATINEGARA,CIPINANG BESAR UTARA,Perempuan,3504
2014,PROVINSI DKI JAKARTA,JAKARTA TIMUR,KRAMAT JATI,KRAMAT JATI,Perempuan,2503
2014,PROVINSI DKI JAKARTA,JAKARTA TIMUR,KRAMAT JATI,KAMPUNG TENGAH,Perempuan,2791
2014,PROVINSI DKI JAKARTA,JAKARTA TIMUR,KRAMAT JATI,DUKUH,Perempuan,1441
2014,PROVINSI DKI JAKARTA,JAKARTA TIMUR,KRAMAT JATI,BATU AMPAR,Perempuan,3035
2014,PROVINSI DKI JAKARTA,JAKARTA TIMUR,KRAMAT JATI,BALE KAMBANG,Perempuan,1780
2014,PROVINSI DKI JAKARTA,JAKARTA TIMUR,KRAMAT JATI,CILILITAN,Perempuan,3209
2014,PROVINSI DKI JAKARTA,JAKARTA TIMUR,KRAMAT JATI,CAWANG,Perempuan,2718
2014,PROVINSI DKI JAKARTA,JAKARTA TIMUR,PASAR REBO,GEDONG,Perempuan,2145
2014,PROVINSI DKI JAKARTA,JAKARTA TIMUR,PASAR REBO,BARU,Perempuan,1037
2014,PROVINSI DKI JAKARTA,JAKARTA TIMUR,PASAR REBO,CIJANTUNG,Perempuan,2259
2014,PROVINSI DKI JAKARTA,JAKARTA TIMUR,PASAR REBO,KALISARI,Perempuan,1991
2014,PROVINSI DKI JAKARTA,JAKARTA TIMUR,PASAR REBO,PEKAYON,Perempuan,2253
2014,PROVINSI DKI JAKARTA,JAKARTA TIMUR,CAKUNG,JATINEGARA,Perempuan,5132
2014,PROVINSI DKI JAKARTA,JAKARTA TIMUR,CAKUNG,RAWA TERATE,Perempuan,1725
2014,PROVINSI DKI JAKARTA,JAKARTA TIMUR,CAKUNG,PENGGILINGAN,Perempuan,5230
2014,PROVINSI DKI JAKARTA,JAKARTA TIMUR,CAKUNG,CAKUNG TIMUR,Perempuan,2989
2014,PROVINSI DKI JAKARTA,JAKARTA TIMUR,CAKUNG,PULO GEBANG,Perempuan,5066
2014,PROVINSI DKI JAKARTA,JAKARTA TIMUR,CAKUNG,UJUNG MENTENG,Perempuan,1625
2014,PROVINSI DKI JAKARTA,JAKARTA TIMUR,CAKUNG,CAKUNG BARAT,Perempuan,3733
2014,PROVINSI DKI JAKARTA,JAKARTA TIMUR,DUREN SAWIT,DUREN SAWIT,Perempuan,3650
2014,PROVINSI DKI JAKARTA,JAKARTA TIMUR,DUREN SAWIT,PONDOK BAMBU,Perempuan,3611
2014,PROVINSI DKI JAKARTA,JAKARTA TIMUR,DUREN SAWIT,KLENDER,Perempuan,4777
2014,PROVINSI DKI JAKARTA,JAKARTA TIMUR,DUREN SAWIT,PONDOK KELAPA,Perempuan,3966
2014,PROVINSI DKI JAKARTA,JAKARTA TIMUR,DUREN SAWIT,MALAKA SARI,Perempuan,1996
2014,PROVINSI DKI JAKARTA,JAKARTA TIMUR,DUREN SAWIT,MALAKA JAYA,Perempuan,2360
2014,PROVINSI DKI JAKARTA,JAKARTA TIMUR,DUREN SAWIT,PONDOK KOPI,Perempuan,2020
2014,PROVINSI DKI JAKARTA,JAKARTA TIMUR,MAKASAR,MAKASAR,Perempuan,1971
2014,PROVINSI DKI JAKARTA,JAKARTA TIMUR,MAKASAR,PINANG RANTI,Perempuan,1536
2014,PROVINSI DKI JAKARTA,JAKARTA TIMUR,MAKASAR,KEBON PALA,Perempuan,2983
2014,PROVINSI DKI JAKARTA,JAKARTA TIMUR,MAKASAR,HALIM PERDANA KUSUMAH,Perempuan,1028
2014,PROVINSI DKI JAKARTA,JAKARTA TIMUR,MAKASAR,CIPINANG MELAYU,Perempuan,2738
2014,PROVINSI DKI JAKARTA,JAKARTA TIMUR,CIRACAS,CIRACAS,Perempuan,3801
2014,PROVINSI DKI JAKARTA,JAKARTA TIMUR,CIRACAS,CIBUBUR,Perempuan,3595
2014,PROVINSI DKI JAKARTA,JAKARTA TIMUR,CIRACAS,KELAPA DUA WETAN,Perempuan,2824
2014,PROVINSI DKI JAKARTA,JAKARTA TIMUR,CIRACAS,SUSUKAN,Perempuan,2338
2014,PROVINSI DKI JAKARTA,JAKARTA TIMUR,CIRACAS,RAMBUTAN,Perempuan,2072
2014,PROVINSI DKI JAKARTA,JAKARTA TIMUR,CIPAYUNG,CIPAYUNG,Perempuan,1278
2014,PROVINSI DKI JAKARTA,JAKARTA TIMUR,CIPAYUNG,CILANGKAP,Perempuan,1382
2014,PROVINSI DKI JAKARTA,JAKARTA TIMUR,CIPAYUNG,PONDOK RANGGON,Perempuan,1081
2014,PROVINSI DKI JAKARTA,JAKARTA TIMUR,CIPAYUNG,MUNJUL,Perempuan,1213
2014,PROVINSI DKI JAKARTA,JAKARTA TIMUR,CIPAYUNG,SETU,Perempuan,905
2014,PROVINSI DKI JAKARTA,JAKARTA TIMUR,CIPAYUNG,BAMBU APUS,Perempuan,1262
2014,PROVINSI DKI JAKARTA,JAKARTA TIMUR,CIPAYUNG,LUBANG BUAYA,Perempuan,3131
2014,PROVINSI DKI JAKARTA,JAKARTA TIMUR,CIPAYUNG,CEGER,Perempuan,963
